n_nodes,tx_pct,k_neighbors,seed,tx_distance_px,density,spacing_approx,r_over_s,mean_degree,min_degree,max_degree,isolated_nodes,n_components,connected,converged,ticks,mean_constraint_violation,procrustes_rmse,tx_energy_proxy,soft_converged,meaningful_hard
50,5.0,6,0,56.569,7.8125e-05,113.137,0.5,0.36,0,2,33,41,0,1,5,0.0,316.01,0.000559,0,0
50,5.0,6,1,56.569,7.8125e-05,113.137,0.5,0.28,0,1,36,43,0,1,5,0.0,298.7931,0.000559,0,0
50,5.0,6,2,56.569,7.8125e-05,113.137,0.5,0.28,0,1,36,43,0,1,4,0.0,305.3314,0.000559,0,0
50,5.0,6,3,56.569,7.8125e-05,113.137,0.5,0.4,0,2,31,40,0,1,4,0.0,300.3958,0.000559,0,0
50,5.0,6,4,56.569,7.8125e-05,113.137,0.5,0.24,0,2,39,44,0,1,4,0.0,295.6823,0.000559,0,0
50,5.0,10,0,56.569,7.8125e-05,113.137,0.5,0.36,0,2,33,41,0,1,5,0.0,316.01,0.000559,0,0
50,5.0,10,1,56.569,7.8125e-05,113.137,0.5,0.28,0,1,36,43,0,1,5,0.0,298.7931,0.000559,0,0
50,5.0,10,2,56.569,7.8125e-05,113.137,0.5,0.28,0,1,36,43,0,1,4,0.0,305.3314,0.000559,0,0
50,5.0,10,3,56.569,7.8125e-05,113.137,0.5,0.4,0,2,31,40,0,1,4,0.0,300.3958,0.000559,0,0
50,5.0,10,4,56.569,7.8125e-05,113.137,0.5,0.24,0,2,39,44,0,1,4,0.0,295.6823,0.000559,0,0
50,5.0,12,0,56.569,7.8125e-05,113.137,0.5,0.36,0,2,33,41,0,1,5,0.0,316.01,0.000559,0,0
50,5.0,12,1,56.569,7.8125e-05,113.137,0.5,0.28,0,1,36,43,0,1,5,0.0,298.7931,0.000559,0,0
50,5.0,12,2,56.569,7.8125e-05,113.137,0.5,0.28,0,1,36,43,0,1,4,0.0,305.3314,0.000559,0,0
50,5.0,12,3,56.569,7.8125e-05,113.137,0.5,0.4,0,2,31,40,0,1,4,0.0,300.3958,0.000559,0,0
50,5.0,12,4,56.569,7.8125e-05,113.137,0.5,0.24,0,2,39,44,0,1,4,0.0,295.6823,0.000559,0,0
50,8.0,6,0,90.51,7.8125e-05,113.137,0.8,1.04,0,3,13,25,0,1,8,0.0,317.1598,0.00181,0,0
50,8.0,6,1,90.51,7.8125e-05,113.137,0.8,1.44,0,3,8,19,0,1,11,0.0,291.9369,0.00181,0,0
50,8.0,6,2,90.51,7.8125e-05,113.137,0.8,1.24,0,3,10,22,0,1,12,0.0,301.2463,0.00181,0,0
50,8.0,6,3,90.51,7.8125e-05,113.137,0.8,1.16,0,3,13,24,0,1,10,0.9666,299.1392,0.00181,0,0
50,8.0,6,4,90.51,7.8125e-05,113.137,0.8,1.16,0,3,10,22,0,1,12,0.0,294.4061,0.00181,0,0
50,8.0,10,0,90.51,7.8125e-05,113.137,0.8,1.04,0,3,13,25,0,1,8,0.0,317.1598,0.00181,0,0
50,8.0,10,1,90.51,7.8125e-05,113.137,0.8,1.44,0,3,8,19,0,1,11,0.0,291.9369,0.00181,0,0
50,8.0,10,2,90.51,7.8125e-05,113.137,0.8,1.24,0,3,10,22,0,1,12,0.0,301.2463,0.00181,0,0
50,8.0,10,3,90.51,7.8125e-05,113.137,0.8,1.16,0,3,13,24,0,1,10,0.9666,299.1392,0.00181,0,0
50,8.0,10,4,90.51,7.8125e-05,113.137,0.8,1.16,0,3,10,22,0,1,12,0.0,294.4061,0.00181,0,0
50,8.0,12,0,90.51,7.8125e-05,113.137,0.8,1.04,0,3,13,25,0,1,8,0.0,317.1598,0.00181,0,0
50,8.0,12,1,90.51,7.8125e-05,113.137,0.8,1.44,0,3,8,19,0,1,11,0.0,291.9369,0.00181,0,0
50,8.0,12,2,90.51,7.8125e-05,113.137,0.8,1.24,0,3,10,22,0,1,12,0.0,301.2463,0.00181,0,0
50,8.0,12,3,90.51,7.8125e-05,113.137,0.8,1.16,0,3,13,24,0,1,10,0.9666,299.1392,0.00181,0,0
50,8.0,12,4,90.51,7.8125e-05,113.137,0.8,1.16,0,3,10,22,0,1,12,0.0,294.4061,0.00181,0,0
50,10.0,6,0,113.137,7.8125e-05,113.137,1.0,2.08,0,5,7,13,0,1,9,0.0,306.8325,0.003162,0,0
50,10.0,6,1,113.137,7.8125e-05,113.137,1.0,2.52,0,5,2,8,0,1,15,0.4257,281.5063,0.003162,0,0
50,10.0,6,2,113.137,7.8125e-05,113.137,1.0,2.32,0,5,2,4,0,1,12,0.0,285.3168,0.003162,0,0
50,10.0,6,3,113.137,7.8125e-05,113.137,1.0,2.28,0,5,4,10,0,1,15,0.0,286.2575,0.003162,0,0
50,10.0,6,4,113.137,7.8125e-05,113.137,1.0,2.24,0,5,3,6,0,1,13,0.0,298.3491,0.003162,0,0
50,10.0,10,0,113.137,7.8125e-05,113.137,1.0,2.08,0,5,7,13,0,1,9,0.0,306.8325,0.003162,0,0
50,10.0,10,1,113.137,7.8125e-05,113.137,1.0,2.52,0,5,2,8,0,1,15,0.4257,281.5063,0.003162,0,0
50,10.0,10,2,113.137,7.8125e-05,113.137,1.0,2.32,0,5,2,4,0,1,12,0.0,285.3168,0.003162,0,0
50,10.0,10,3,113.137,7.8125e-05,113.137,1.0,2.28,0,5,4,10,0,1,15,0.0,286.2575,0.003162,0,0
50,10.0,10,4,113.137,7.8125e-05,113.137,1.0,2.24,0,5,3,6,0,1,13,0.0,298.3491,0.003162,0,0
50,10.0,12,0,113.137,7.8125e-05,113.137,1.0,2.08,0,5,7,13,0,1,9,0.0,306.8325,0.003162,0,0
50,10.0,12,1,113.137,7.8125e-05,113.137,1.0,2.52,0,5,2,8,0,1,15,0.4257,281.5063,0.003162,0,0
50,10.0,12,2,113.137,7.8125e-05,113.137,1.0,2.32,0,5,2,4,0,1,12,0.0,285.3168,0.003162,0,0
50,10.0,12,3,113.137,7.8125e-05,113.137,1.0,2.28,0,5,4,10,0,1,15,0.0,286.2575,0.003162,0,0
50,10.0,12,4,113.137,7.8125e-05,113.137,1.0,2.24,0,5,3,6,0,1,13,0.0,298.3491,0.003162,0,0
50,12.0,6,0,135.765,7.8125e-05,113.137,1.2,3.44,0,6,2,3,0,1,18,0.0,274.9271,0.004988,0,0
50,12.0,6,1,135.765,7.8125e-05,113.137,1.2,3.6,1,6,0,2,0,1,38,0.0,154.1242,0.004988,0,0
50,12.0,6,2,135.765,7.8125e-05,113.137,1.2,3.58,1,6,0,1,1,1,97,0.0,135.4155,0.004988,0,0
50,12.0,6,3,135.765,7.8125e-05,113.137,1.2,3.66,0,6,2,3,0,1,18,0.0,268.6777,0.004988,0,0
50,12.0,6,4,135.765,7.8125e-05,113.137,1.2,3.64,0,6,1,2,0,1,6,0.0,282.7376,0.004988,0,0
50,12.0,10,0,135.765,7.8125e-05,113.137,1.2,3.44,0,6,2,3,0,1,18,0.0,274.9271,0.004988,0,0
50,12.0,10,1,135.765,7.8125e-05,113.137,1.2,3.6,1,6,0,2,0,1,38,0.0,154.1242,0.004988,0,0
50,12.0,10,2,135.765,7.8125e-05,113.137,1.2,3.6,1,7,0,1,1,1,101,0.0,150.7346,0.004988,0,0
50,12.0,10,3,135.765,7.8125e-05,113.137,1.2,3.72,0,7,2,3,0,1,24,0.0,272.4242,0.004988,0,0
50,12.0,10,4,135.765,7.8125e-05,113.137,1.2,3.64,0,6,1,2,0,1,6,0.0,282.7376,0.004988,0,0
50,12.0,12,0,135.765,7.8125e-05,113.137,1.2,3.44,0,6,2,3,0,1,18,0.0,274.9271,0.004988,0,0
50,12.0,12,1,135.765,7.8125e-05,113.137,1.2,3.6,1,6,0,2,0,1,38,0.0,154.1242,0.004988,0,0
50,12.0,12,2,135.765,7.8125e-05,113.137,1.2,3.6,1,7,0,1,1,1,101,0.0,150.7346,0.004988,0,0
50,12.0,12,3,135.765,7.8125e-05,113.137,1.2,3.72,0,7,2,3,0,1,24,0.0,272.4242,0.004988,0,0
50,12.0,12,4,135.765,7.8125e-05,113.137,1.2,3.64,0,6,1,2,0,1,6,0.0,282.7376,0.004988,0,0
50,15.0,6,0,169.706,7.8125e-05,113.137,1.5,4.96,1,6,0,1,1,0,250,0.5268,68.3768,0.008714,0,0
50,15.0,6,1,169.706,7.8125e-05,113.137,1.5,5.26,1,6,0,1,1,1,151,0.0424,366.9556,0.008714,0,0
50,15.0,6,2,169.706,7.8125e-05,113.137,1.5,5.44,3,6,0,1,1,1,40,0.0,388.6059,0.008714,0,0
50,15.0,6,3,169.706,7.8125e-05,113.137,1.5,5.22,2,6,0,1,1,1,219,0.0,32.6085,0.008714,0,0
50,15.0,6,4,169.706,7.8125e-05,113.137,1.5,5.24,2,6,0,1,1,1,63,0.0,382.3922,0.008714,0,0
50,15.0,10,0,169.706,7.8125e-05,113.137,1.5,5.52,1,10,0,1,1,1,74,0.0,60.501,0.008714,0,0
50,15.0,10,1,169.706,7.8125e-05,113.137,1.5,6.16,1,10,0,1,1,1,65,0.0,359.5633,0.008714,1,1
50,15.0,10,2,169.706,7.8125e-05,113.137,1.5,6.28,3,10,0,1,1,1,108,0.0,367.4007,0.008714,1,1
50,15.0,10,3,169.706,7.8125e-05,113.137,1.5,6.12,2,10,0,1,1,1,49,0.0,26.7731,0.008714,1,1
50,15.0,10,4,169.706,7.8125e-05,113.137,1.5,5.8,2,9,0,1,1,0,250,7.5419,394.7015,0.008714,0,0
50,15.0,12,0,169.706,7.8125e-05,113.137,1.5,5.52,1,10,0,1,1,1,74,0.0,60.501,0.008714,0,0
50,15.0,12,1,169.706,7.8125e-05,113.137,1.5,6.16,1,10,0,1,1,1,65,0.0,359.5633,0.008714,1,1
50,15.0,12,2,169.706,7.8125e-05,113.137,1.5,6.28,3,10,0,1,1,1,108,0.0,367.4007,0.008714,1,1
50,15.0,12,3,169.706,7.8125e-05,113.137,1.5,6.12,2,10,0,1,1,1,49,0.0,26.7731,0.008714,1,1
50,15.0,12,4,169.706,7.8125e-05,113.137,1.5,5.8,2,9,0,1,1,0,250,7.5419,394.7015,0.008714,0,0
50,20.0,6,0,226.274,7.8125e-05,113.137,2.0,5.8,3,6,0,1,1,1,75,0.0,50.9208,0.017889,0,0
50,20.0,6,1,226.274,7.8125e-05,113.137,2.0,5.82,3,6,0,1,1,1,166,0.0732,384.5302,0.017889,0,0
50,20.0,6,2,226.274,7.8125e-05,113.137,2.0,5.94,4,6,0,1,1,1,132,0.0,30.6313,0.017889,0,0
50,20.0,6,3,226.274,7.8125e-05,113.137,2.0,5.86,4,6,0,1,1,0,250,9.4755,73.1635,0.017889,0,0
50,20.0,6,4,226.274,7.8125e-05,113.137,2.0,5.86,4,6,0,1,1,1,83,0.0,394.6753,0.017889,0,0
50,20.0,10,0,226.274,7.8125e-05,113.137,2.0,8.42,3,10,0,1,1,1,20,0.0,36.786,0.017889,1,1
50,20.0,10,1,226.274,7.8125e-05,113.137,2.0,8.92,3,10,0,1,1,1,215,0.0,385.3329,0.017889,1,1
50,20.0,10,2,226.274,7.8125e-05,113.137,2.0,8.96,4,10,0,1,1,1,71,0.0,392.0288,0.017889,1,1
50,20.0,10,3,226.274,7.8125e-05,113.137,2.0,8.72,4,10,0,1,1,1,53,0.0,29.6522,0.017889,1,1
50,20.0,10,4,226.274,7.8125e-05,113.137,2.0,8.78,4,10,0,1,1,1,32,0.0,392.2424,0.017889,1,1
50,20.0,12,0,226.274,7.8125e-05,113.137,2.0,9.06,3,12,0,1,1,1,14,0.0,50.5004,0.017889,1,1
50,20.0,12,1,226.274,7.8125e-05,113.137,2.0,9.88,3,12,0,1,1,1,108,0.0,366.9751,0.017889,1,1
50,20.0,12,2,226.274,7.8125e-05,113.137,2.0,9.82,4,12,0,1,1,1,90,0.0,384.4767,0.017889,1,1
50,20.0,12,3,226.274,7.8125e-05,113.137,2.0,9.68,4,12,0,1,1,1,141,0.0,20.9558,0.017889,1,1
50,20.0,12,4,226.274,7.8125e-05,113.137,2.0,9.56,4,12,0,1,1,0,250,1.1124,404.0583,0.017889,0,0
50,25.0,6,0,282.843,7.8125e-05,113.137,2.5,5.98,5,6,0,1,1,1,62,0.2034,61.7932,0.03125,0,0
50,25.0,6,1,282.843,7.8125e-05,113.137,2.5,5.98,5,6,0,1,1,0,250,0.5661,385.7145,0.03125,0,0
50,25.0,6,2,282.843,7.8125e-05,113.137,2.5,6.0,6,6,0,1,1,0,250,9.5823,393.5025,0.03125,0,0
50,25.0,6,3,282.843,7.8125e-05,113.137,2.5,6.0,6,6,0,1,1,0,250,7.1253,103.5872,0.03125,0,0
50,25.0,6,4,282.843,7.8125e-05,113.137,2.5,5.98,5,6,0,1,1,0,250,5.1014,357.9634,0.03125,0,0
50,25.0,10,0,282.843,7.8125e-05,113.137,2.5,9.56,5,10,0,1,1,1,66,0.0,41.3584,0.03125,1,1
50,25.0,10,1,282.843,7.8125e-05,113.137,2.5,9.76,5,10,0,1,1,1,168,0.0,382.3886,0.03125,1,1
50,25.0,10,2,282.843,7.8125e-05,113.137,2.5,9.84,8,10,0,1,1,1,91,0.0,381.7325,0.03125,1,1
50,25.0,10,3,282.843,7.8125e-05,113.137,2.5,9.68,6,10,0,1,1,1,40,0.0,24.1245,0.03125,1,1
50,25.0,10,4,282.843,7.8125e-05,113.137,2.5,9.68,5,10,0,1,1,1,21,0.0,398.5534,0.03125,1,1
50,25.0,12,0,282.843,7.8125e-05,113.137,2.5,11.0,5,12,0,1,1,1,24,0.0,36.9568,0.03125,1,1
50,25.0,12,1,282.843,7.8125e-05,113.137,2.5,11.38,5,12,0,1,1,1,38,0.0,379.944,0.03125,1,1
50,25.0,12,2,282.843,7.8125e-05,113.137,2.5,11.5,8,12,0,1,1,1,172,0.0,384.6626,0.03125,1,1
50,25.0,12,3,282.843,7.8125e-05,113.137,2.5,11.12,6,12,0,1,1,1,176,0.0,29.3265,0.03125,1,1
50,25.0,12,4,282.843,7.8125e-05,113.137,2.5,11.3,5,12,0,1,1,1,151,0.0,386.0558,0.03125,1,1
50,30.0,6,0,339.411,7.8125e-05,113.137,3.0,6.0,6,6,0,1,1,1,62,0.2027,61.7932,0.049295,1,1
50,30.0,6,1,339.411,7.8125e-05,113.137,3.0,6.0,6,6,0,1,1,1,154,0.0,386.5838,0.049295,1,1
50,30.0,6,2,339.411,7.8125e-05,113.137,3.0,6.0,6,6,0,1,1,0,250,9.5823,393.5025,0.049295,0,0
50,30.0,6,3,339.411,7.8125e-05,113.137,3.0,6.0,6,6,0,1,1,0,250,7.1253,103.5872,0.049295,0,0
50,30.0,6,4,339.411,7.8125e-05,113.137,3.0,6.0,6,6,0,1,1,1,111,0.0,374.8497,0.049295,1,1
50,30.0,10,0,339.411,7.8125e-05,113.137,3.0,9.84,6,10,0,1,1,1,70,0.0,25.6154,0.049295,1,1
50,30.0,10,1,339.411,7.8125e-05,113.137,3.0,9.96,8,10,0,1,1,1,164,0.0,372.0366,0.049295,1,1
50,30.0,10,2,339.411,7.8125e-05,113.137,3.0,10.0,10,10,0,1,1,1,50,0.0,384.7172,0.049295,1,1
50,30.0,10,3,339.411,7.8125e-05,113.137,3.0,10.0,10,10,0,1,1,1,40,0.0,26.7033,0.049295,1,1
50,30.0,10,4,339.411,7.8125e-05,113.137,3.0,9.94,8,10,0,1,1,1,152,0.0,397.4287,0.049295,1,1
50,30.0,12,0,339.411,7.8125e-05,113.137,3.0,11.66,6,12,0,1,1,1,219,0.0,35.1309,0.049295,1,1
50,30.0,12,1,339.411,7.8125e-05,113.137,3.0,11.92,8,12,0,1,1,1,153,0.0,382.8191,0.049295,1,1
50,30.0,12,2,339.411,7.8125e-05,113.137,3.0,11.94,10,12,0,1,1,1,114,0.0,386.8187,0.049295,1,1
50,30.0,12,3,339.411,7.8125e-05,113.137,3.0,11.92,10,12,0,1,1,1,113,0.0,24.357,0.049295,1,1
50,30.0,12,4,339.411,7.8125e-05,113.137,3.0,11.8,8,12,0,1,1,1,37,0.0,391.2023,0.049295,1,1
100,5.0,6,0,56.569,0.00015625,80.0,0.7071,0.88,0,3,40,63,0,1,10,0.0,308.6266,0.000559,0,0
100,5.0,6,1,56.569,0.00015625,80.0,0.7071,0.78,0,2,37,62,0,1,15,0.0,309.5713,0.000559,0,0
100,5.0,6,2,56.569,0.00015625,80.0,0.7071,0.76,0,2,39,63,0,1,11,0.0,315.9413,0.000559,0,0
100,5.0,6,3,56.569,0.00015625,80.0,0.7071,0.86,0,3,32,60,0,1,20,0.796,315.6574,0.000559,0,0
100,5.0,6,4,56.569,0.00015625,80.0,0.7071,0.84,0,3,36,60,0,1,9,0.0,314.7827,0.000559,0,0
100,5.0,10,0,56.569,0.00015625,80.0,0.7071,0.88,0,3,40,63,0,1,10,0.0,308.6266,0.000559,0,0
100,5.0,10,1,56.569,0.00015625,80.0,0.7071,0.78,0,2,37,62,0,1,15,0.0,309.5713,0.000559,0,0
100,5.0,10,2,56.569,0.00015625,80.0,0.7071,0.76,0,2,39,63,0,1,11,0.0,315.9413,0.000559,0,0
100,5.0,10,3,56.569,0.00015625,80.0,0.7071,0.86,0,3,32,60,0,1,20,0.796,315.6574,0.000559,0,0
100,5.0,10,4,56.569,0.00015625,80.0,0.7071,0.84,0,3,36,60,0,1,9,0.0,314.7827,0.000559,0,0
100,5.0,12,0,56.569,0.00015625,80.0,0.7071,0.88,0,3,40,63,0,1,10,0.0,308.6266,0.000559,0,0
100,5.0,12,1,56.569,0.00015625,80.0,0.7071,0.78,0,2,37,62,0,1,15,0.0,309.5713,0.000559,0,0
100,5.0,12,2,56.569,0.00015625,80.0,0.7071,0.76,0,2,39,63,0,1,11,0.0,315.9413,0.000559,0,0
100,5.0,12,3,56.569,0.00015625,80.0,0.7071,0.86,0,3,32,60,0,1,20,0.796,315.6574,0.000559,0,0
100,5.0,12,4,56.569,0.00015625,80.0,0.7071,0.84,0,3,36,60,0,1,9,0.0,314.7827,0.000559,0,0
100,8.0,6,0,90.51,0.00015625,80.0,1.1314,2.8,0,5,2,10,0,1,35,0.0,263.8029,0.00181,0,0
100,8.0,6,1,90.51,0.00015625,80.0,1.1314,2.84,0,6,3,6,0,1,40,0.0,302.5148,0.00181,0,0
100,8.0,6,2,90.51,0.00015625,80.0,1.1314,2.86,1,5,0,2,0,1,91,0.1217,308.8575,0.00181,0,0
100,8.0,6,3,90.51,0.00015625,80.0,1.1314,2.8,0,6,3,6,0,1,71,0.0041,300.2921,0.00181,0,0
100,8.0,6,4,90.51,0.00015625,80.0,1.1314,3.06,0,6,2,5,0,1,28,0.147,299.3235,0.00181,0,0
100,8.0,10,0,90.51,0.00015625,80.0,1.1314,2.8,0,5,2,10,0,1,35,0.0,263.8029,0.00181,0,0
100,8.0,10,1,90.51,0.00015625,80.0,1.1314,2.84,0,6,3,6,0,1,40,0.0,302.5148,0.00181,0,0
100,8.0,10,2,90.51,0.00015625,80.0,1.1314,2.86,1,5,0,2,0,1,91,0.1217,308.8575,0.00181,0,0
100,8.0,10,3,90.51,0.00015625,80.0,1.1314,2.8,0,6,3,6,0,1,71,0.0041,300.2921,0.00181,0,0
100,8.0,10,4,90.51,0.00015625,80.0,1.1314,3.06,0,6,2,5,0,1,28,0.147,299.3235,0.00181,0,0
100,8.0,12,0,90.51,0.00015625,80.0,1.1314,2.8,0,5,2,10,0,1,35,0.0,263.8029,0.00181,0,0
100,8.0,12,1,90.51,0.00015625,80.0,1.1314,2.84,0,6,3,6,0,1,40,0.0,302.5148,0.00181,0,0
100,8.0,12,2,90.51,0.00015625,80.0,1.1314,2.86,1,5,0,2,0,1,91,0.1217,308.8575,0.00181,0,0
100,8.0,12,3,90.51,0.00015625,80.0,1.1314,2.8,0,6,3,6,0,1,71,0.0041,300.2921,0.00181,0,0
100,8.0,12,4,90.51,0.00015625,80.0,1.1314,3.06,0,6,2,5,0,1,28,0.147,299.3235,0.00181,0,0
100,10.0,6,0,113.137,0.00015625,80.0,1.4142,4.51,1,6,0,1,1,1,211,0.0,125.8164,0.003162,0,0
100,10.0,6,1,113.137,0.00015625,80.0,1.4142,4.73,2,6,0,1,1,1,187,0.0006,225.2012,0.003162,0,0
100,10.0,6,2,113.137,0.00015625,80.0,1.4142,4.72,2,6,0,1,1,0,250,4.009,344.8972,0.003162,0,0
100,10.0,6,3,113.137,0.00015625,80.0,1.4142,4.59,2,6,0,1,1,1,97,0.2318,144.0935,0.003162,0,0
100,10.0,6,4,113.137,0.00015625,80.0,1.4142,4.9,2,6,0,1,1,1,237,0.0,70.5491,0.003162,0,0
100,10.0,10,0,113.137,0.00015625,80.0,1.4142,4.62,1,8,0,1,1,1,82,0.0,156.5424,0.003162,0,0
100,10.0,10,1,113.137,0.00015625,80.0,1.4142,5.06,2,8,0,1,1,1,162,0.0,238.4666,0.003162,0,0
100,10.0,10,2,113.137,0.00015625,80.0,1.4142,4.96,2,8,0,1,1,0,250,3.5237,292.2829,0.003162,0,0
100,10.0,10,3,113.137,0.00015625,80.0,1.4142,4.74,2,9,0,1,1,1,215,0.1005,102.6399,0.003162,0,0
100,10.0,10,4,113.137,0.00015625,80.0,1.4142,5.16,2,9,0,1,1,0,250,1.2872,155.5095,0.003162,0,0
100,10.0,12,0,113.137,0.00015625,80.0,1.4142,4.62,1,8,0,1,1,1,82,0.0,156.5424,0.003162,0,0
100,10.0,12,1,113.137,0.00015625,80.0,1.4142,5.06,2,8,0,1,1,1,162,0.0,238.4666,0.003162,0,0
100,10.0,12,2,113.137,0.00015625,80.0,1.4142,4.96,2,8,0,1,1,0,250,3.5237,292.2829,0.003162,0,0
100,10.0,12,3,113.137,0.00015625,80.0,1.4142,4.74,2,9,0,1,1,1,215,0.1005,102.6399,0.003162,0,0
100,10.0,12,4,113.137,0.00015625,80.0,1.4142,5.16,2,9,0,1,1,0,250,1.2872,155.5095,0.003162,0,0
100,12.0,6,0,135.765,0.00015625,80.0,1.6971,5.49,2,6,0,1,1,0,250,0.5991,33.175,0.004988,0,0
100,12.0,6,1,135.765,0.00015625,80.0,1.6971,5.58,2,6,0,1,1,0,250,0.3075,58.5926,0.004988,0,0
100,12.0,6,2,135.765,0.00015625,80.0,1.6971,5.72,2,6,0,1,1,0,250,3.3977,349.1924,0.004988,0,0
100,12.0,6,3,135.765,0.00015625,80.0,1.6971,5.64,3,6,0,1,1,0,250,5.4952,58.9441,0.004988,0,0
100,12.0,6,4,135.765,0.00015625,80.0,1.6971,5.67,3,6,0,1,1,1,116,0.0,46.5577,0.004988,0,0
100,12.0,10,0,135.765,0.00015625,80.0,1.6971,6.74,2,10,0,1,1,1,92,0.0,40.3946,0.004988,1,1
100,12.0,10,1,135.765,0.00015625,80.0,1.6971,7.33,2,10,0,1,1,0,250,7.4783,39.4925,0.004988,0,0
100,12.0,10,2,135.765,0.00015625,80.0,1.6971,7.49,2,10,0,1,1,1,206,0.0083,53.5523,0.004988,1,1
100,12.0,10,3,135.765,0.00015625,80.0,1.6971,7.15,3,10,0,1,1,1,227,0.0567,37.4247,0.004988,1,1
100,12.0,10,4,135.765,0.00015625,80.0,1.6971,7.4,3,10,0,1,1,0,250,0.3482,25.549,0.004988,1,0
100,12.0,12,0,135.765,0.00015625,80.0,1.6971,6.74,2,10,0,1,1,1,92,0.0,40.3946,0.004988,1,1
100,12.0,12,1,135.765,0.00015625,80.0,1.6971,7.46,2,12,0,1,1,0,250,3.8003,39.4316,0.004988,0,0
100,12.0,12,2,135.765,0.00015625,80.0,1.6971,7.58,2,12,0,1,1,1,127,0.0504,79.3225,0.004988,1,1
100,12.0,12,3,135.765,0.00015625,80.0,1.6971,7.16,3,11,0,1,1,1,177,0.0425,46.3643,0.004988,1,1
100,12.0,12,4,135.765,0.00015625,80.0,1.6971,7.44,3,11,0,1,1,0,250,0.7262,31.282,0.004988,1,0
100,15.0,6,0,169.706,0.00015625,80.0,2.1213,5.96,4,6,0,1,1,0,250,4.4663,91.137,0.008714,0,0
100,15.0,6,1,169.706,0.00015625,80.0,2.1213,5.99,5,6,0,1,1,0,250,4.0985,100.2991,0.008714,0,0
100,15.0,6,2,169.706,0.00015625,80.0,2.1213,5.98,5,6,0,1,1,1,178,0.0122,420.5285,0.008714,0,0
100,15.0,6,3,169.706,0.00015625,80.0,2.1213,5.96,5,6,0,1,1,1,122,0.0,47.998,0.008714,0,0
100,15.0,6,4,169.706,0.00015625,80.0,2.1213,6.0,6,6,0,1,1,0,250,1.3291,44.1181,0.008714,0,0
100,15.0,10,0,169.706,0.00015625,80.0,2.1213,9.28,4,10,0,1,1,0,250,1.8937,31.6732,0.008714,0,0
100,15.0,10,1,169.706,0.00015625,80.0,2.1213,9.27,5,10,0,1,1,1,202,0.0182,22.3107,0.008714,1,1
100,15.0,10,2,169.706,0.00015625,80.0,2.1213,9.36,5,10,0,1,1,0,250,2.0883,433.7865,0.008714,0,0
100,15.0,10,3,169.706,0.00015625,80.0,2.1213,9.26,5,10,0,1,1,1,74,0.0073,44.6883,0.008714,1,1
100,15.0,10,4,169.706,0.00015625,80.0,2.1213,9.48,6,10,0,1,1,1,59,0.0,47.867,0.008714,1,1
100,15.0,12,0,169.706,0.00015625,80.0,2.1213,10.41,4,12,0,1,1,1,156,0.0,24.9148,0.008714,1,1
100,15.0,12,1,169.706,0.00015625,80.0,2.1213,10.4,5,12,0,1,1,1,130,0.0,24.465,0.008714,1,1
100,15.0,12,2,169.706,0.00015625,80.0,2.1213,10.63,5,12,0,1,1,1,149,0.0235,447.0072,0.008714,1,1
100,15.0,12,3,169.706,0.00015625,80.0,2.1213,10.42,5,12,0,1,1,1,56,0.0,28.9002,0.008714,1,1
100,15.0,12,4,169.706,0.00015625,80.0,2.1213,10.67,6,12,0,1,1,1,77,0.0,39.4656,0.008714,1,1
100,20.0,6,0,226.274,0.00015625,80.0,2.8284,6.0,6,6,0,1,1,0,250,4.778,53.3289,0.017889,0,0
100,20.0,6,1,226.274,0.00015625,80.0,2.8284,6.0,6,6,0,1,1,0,250,4.0917,100.2991,0.017889,0,0
100,20.0,6,2,226.274,0.00015625,80.0,2.8284,6.0,6,6,0,1,1,1,221,0.0,429.5251,0.017889,1,1
100,20.0,6,3,226.274,0.00015625,80.0,2.8284,6.0,6,6,0,1,1,1,115,0.0,46.9286,0.017889,1,1
100,20.0,6,4,226.274,0.00015625,80.0,2.8284,6.0,6,6,0,1,1,0,250,1.3291,44.1181,0.017889,0,0
100,20.0,10,0,226.274,0.00015625,80.0,2.8284,9.94,7,10,0,1,1,1,113,0.0,28.5467,0.017889,1,1
100,20.0,10,1,226.274,0.00015625,80.0,2.8284,9.99,9,10,0,1,1,1,138,0.0409,28.6383,0.017889,1,1
100,20.0,10,2,226.274,0.00015625,80.0,2.8284,9.94,7,10,0,1,1,1,162,0.0,445.7282,0.017889,1,1
100,20.0,10,3,226.274,0.00015625,80.0,2.8284,9.93,7,10,0,1,1,1,154,0.0,35.8705,0.017889,1,1
100,20.0,10,4,226.274,0.00015625,80.0,2.8284,9.97,9,10,0,1,1,1,55,0.0,31.7107,0.017889,1,1
100,20.0,12,0,226.274,0.00015625,80.0,2.8284,11.76,7,12,0,1,1,1,131,0.0,21.6185,0.017889,1,1
100,20.0,12,1,226.274,0.00015625,80.0,2.8284,11.87,9,12,0,1,1,1,56,0.0,24.7371,0.017889,1,1
100,20.0,12,2,226.274,0.00015625,80.0,2.8284,11.85,7,12,0,1,1,0,250,6.0775,443.5423,0.017889,0,0
100,20.0,12,3,226.274,0.00015625,80.0,2.8284,11.79,7,12,0,1,1,1,94,0.0,27.0384,0.017889,1,1
100,20.0,12,4,226.274,0.00015625,80.0,2.8284,11.87,9,12,0,1,1,1,159,0.0,25.3274,0.017889,1,1
100,25.0,6,0,282.843,0.00015625,80.0,3.5355,6.0,6,6,0,1,1,0,250,4.778,53.3289,0.03125,0,0
100,25.0,6,1,282.843,0.00015625,80.0,3.5355,6.0,6,6,0,1,1,0,250,4.0917,100.2991,0.03125,0,0
100,25.0,6,2,282.843,0.00015625,80.0,3.5355,6.0,6,6,0,1,1,1,221,0.0,429.5251,0.03125,1,1
100,25.0,6,3,282.843,0.00015625,80.0,3.5355,6.0,6,6,0,1,1,1,115,0.0,46.9286,0.03125,1,1
100,25.0,6,4,282.843,0.00015625,80.0,3.5355,6.0,6,6,0,1,1,0,250,1.3291,44.1181,0.03125,0,0
100,25.0,10,0,282.843,0.00015625,80.0,3.5355,10.0,10,10,0,1,1,1,101,0.0,25.669,0.03125,1,1
100,25.0,10,1,282.843,0.00015625,80.0,3.5355,10.0,10,10,0,1,1,1,122,0.0,27.2517,0.03125,1,1
100,25.0,10,2,282.843,0.00015625,80.0,3.5355,10.0,10,10,0,1,1,1,79,0.0,441.4728,0.03125,1,1
100,25.0,10,3,282.843,0.00015625,80.0,3.5355,10.0,10,10,0,1,1,1,248,0.0,24.3429,0.03125,1,1
100,25.0,10,4,282.843,0.00015625,80.0,3.5355,10.0,10,10,0,1,1,1,44,0.0,49.0552,0.03125,1,1
100,25.0,12,0,282.843,0.00015625,80.0,3.5355,11.99,11,12,0,1,1,1,65,0.0,31.6105,0.03125,1,1
100,25.0,12,1,282.843,0.00015625,80.0,3.5355,12.0,12,12,0,1,1,1,72,0.0,33.3418,0.03125,1,1
100,25.0,12,2,282.843,0.00015625,80.0,3.5355,12.0,12,12,0,1,1,1,158,0.0,443.2861,0.03125,1,1
100,25.0,12,3,282.843,0.00015625,80.0,3.5355,11.99,11,12,0,1,1,0,250,1.2132,33.2972,0.03125,0,0
100,25.0,12,4,282.843,0.00015625,80.0,3.5355,12.0,12,12,0,1,1,1,28,0.0,40.5643,0.03125,1,1
100,30.0,6,0,339.411,0.00015625,80.0,4.2426,6.0,6,6,0,1,1,0,250,4.778,53.3289,0.049295,0,0
100,30.0,6,1,339.411,0.00015625,80.0,4.2426,6.0,6,6,0,1,1,0,250,4.0917,100.2991,0.049295,0,0
100,30.0,6,2,339.411,0.00015625,80.0,4.2426,6.0,6,6,0,1,1,1,221,0.0,429.5251,0.049295,1,1
100,30.0,6,3,339.411,0.00015625,80.0,4.2426,6.0,6,6,0,1,1,1,115,0.0,46.9286,0.049295,1,1
100,30.0,6,4,339.411,0.00015625,80.0,4.2426,6.0,6,6,0,1,1,0,250,1.3291,44.1181,0.049295,0,0
100,30.0,10,0,339.411,0.00015625,80.0,4.2426,10.0,10,10,0,1,1,1,101,0.0,25.669,0.049295,1,1
100,30.0,10,1,339.411,0.00015625,80.0,4.2426,10.0,10,10,0,1,1,1,122,0.0,27.2517,0.049295,1,1
100,30.0,10,2,339.411,0.00015625,80.0,4.2426,10.0,10,10,0,1,1,1,79,0.0,441.4728,0.049295,1,1
100,30.0,10,3,339.411,0.00015625,80.0,4.2426,10.0,10,10,0,1,1,0,250,1.0593,27.0632,0.049295,0,0
100,30.0,10,4,339.411,0.00015625,80.0,4.2426,10.0,10,10,0,1,1,1,44,0.0,49.0552,0.049295,1,1
100,30.0,12,0,339.411,0.00015625,80.0,4.2426,12.0,12,12,0,1,1,1,65,0.0,31.6105,0.049295,1,1
100,30.0,12,1,339.411,0.00015625,80.0,4.2426,12.0,12,12,0,1,1,1,72,0.0,33.3418,0.049295,1,1
100,30.0,12,2,339.411,0.00015625,80.0,4.2426,12.0,12,12,0,1,1,1,158,0.0,443.2861,0.049295,1,1
100,30.0,12,3,339.411,0.00015625,80.0,4.2426,12.0,12,12,0,1,1,1,248,0.0343,27.6585,0.049295,1,1
100,30.0,12,4,339.411,0.00015625,80.0,4.2426,12.0,12,12,0,1,1,1,28,0.0,40.5643,0.049295,1,1
150,5.0,6,0,56.569,0.000234375,65.32,0.866,1.627,0,4,22,51,0,1,26,0.0437,302.3731,0.000559,0,0
150,5.0,6,1,56.569,0.000234375,65.32,0.866,1.68,0,4,11,44,0,1,31,0.0,305.6186,0.000559,0,0
150,5.0,6,2,56.569,0.000234375,65.32,0.866,1.68,0,4,13,40,0,1,65,0.2782,293.2531,0.000559,0,0
150,5.0,6,3,56.569,0.000234375,65.32,0.866,1.52,0,4,19,50,0,1,34,0.0,313.4479,0.000559,0,0
150,5.0,6,4,56.569,0.000234375,65.32,0.866,1.68,0,4,17,44,0,1,40,0.0,310.5346,0.000559,0,0
150,5.0,10,0,56.569,0.000234375,65.32,0.866,1.627,0,4,22,51,0,1,26,0.0437,302.3731,0.000559,0,0
150,5.0,10,1,56.569,0.000234375,65.32,0.866,1.68,0,4,11,44,0,1,31,0.0,305.6186,0.000559,0,0
150,5.0,10,2,56.569,0.000234375,65.32,0.866,1.68,0,4,13,40,0,1,65,0.2782,293.2531,0.000559,0,0
150,5.0,10,3,56.569,0.000234375,65.32,0.866,1.52,0,4,19,50,0,1,34,0.0,313.4479,0.000559,0,0
150,5.0,10,4,56.569,0.000234375,65.32,0.866,1.68,0,4,17,44,0,1,40,0.0,310.5346,0.000559,0,0
150,5.0,12,0,56.569,0.000234375,65.32,0.866,1.627,0,4,22,51,0,1,26,0.0437,302.3731,0.000559,0,0
150,5.0,12,1,56.569,0.000234375,65.32,0.866,1.68,0,4,11,44,0,1,31,0.0,305.6186,0.000559,0,0
150,5.0,12,2,56.569,0.000234375,65.32,0.866,1.68,0,4,13,40,0,1,65,0.2782,293.2531,0.000559,0,0
150,5.0,12,3,56.569,0.000234375,65.32,0.866,1.52,0,4,19,50,0,1,34,0.0,313.4479,0.000559,0,0
150,5.0,12,4,56.569,0.000234375,65.32,0.866,1.68,0,4,17,44,0,1,40,0.0,310.5346,0.000559,0,0
150,8.0,6,0,90.51,0.000234375,65.32,1.3856,4.827,1,6,0,1,1,1,248,0.0732,121.0351,0.00181,0,0
150,8.0,6,1,90.51,0.000234375,65.32,1.3856,4.853,1,6,0,1,1,0,250,1.9126,371.7717,0.00181,0,0
150,8.0,6,2,90.51,0.000234375,65.32,1.3856,4.827,2,6,0,1,1,0,250,1.8525,91.1431,0.00181,0,0
150,8.0,6,3,90.51,0.000234375,65.32,1.3856,4.9,2,6,0,1,1,0,250,3.1925,355.1293,0.00181,0,0
150,8.0,6,4,90.51,0.000234375,65.32,1.3856,4.98,2,6,0,1,1,0,250,1.7218,94.2952,0.00181,0,0
150,8.0,10,0,90.51,0.000234375,65.32,1.3856,5.093,1,9,0,1,1,1,184,0.057,78.0534,0.00181,0,0
150,8.0,10,1,90.51,0.000234375,65.32,1.3856,5.013,1,8,0,1,1,0,250,0.2871,380.3627,0.00181,0,0
150,8.0,10,2,90.51,0.000234375,65.32,1.3856,5.04,2,9,0,1,1,0,250,2.9626,105.1508,0.00181,0,0
150,8.0,10,3,90.51,0.000234375,65.32,1.3856,5.027,2,8,0,1,1,0,250,2.8363,338.3302,0.00181,0,0
150,8.0,10,4,90.51,0.000234375,65.32,1.3856,5.253,2,9,0,1,1,0,250,2.6989,45.032,0.00181,0,0
150,8.0,12,0,90.51,0.000234375,65.32,1.3856,5.093,1,9,0,1,1,1,184,0.057,78.0534,0.00181,0,0
150,8.0,12,1,90.51,0.000234375,65.32,1.3856,5.013,1,8,0,1,1,0,250,0.2871,380.3627,0.00181,0,0
150,8.0,12,2,90.51,0.000234375,65.32,1.3856,5.04,2,9,0,1,1,0,250,2.9626,105.1508,0.00181,0,0
150,8.0,12,3,90.51,0.000234375,65.32,1.3856,5.027,2,8,0,1,1,0,250,2.8363,338.3302,0.00181,0,0
150,8.0,12,4,90.51,0.000234375,65.32,1.3856,5.253,2,9,0,1,1,0,250,2.6989,45.032,0.00181,0,0
150,10.0,6,0,113.137,0.000234375,65.32,1.7321,5.747,2,6,0,1,1,0,250,2.8661,150.6464,0.003162,0,0
150,10.0,6,1,113.137,0.000234375,65.32,1.7321,5.833,2,6,0,1,1,0,250,2.663,406.2925,0.003162,0,0
150,10.0,6,2,113.137,0.000234375,65.32,1.7321,5.8,3,6,0,1,1,0,250,8.2681,284.2195,0.003162,0,0
150,10.0,6,3,113.137,0.000234375,65.32,1.7321,5.867,2,6,0,1,1,0,250,2.6876,361.7103,0.003162,0,0
150,10.0,6,4,113.137,0.000234375,65.32,1.7321,5.86,3,6,0,1,1,0,250,6.4798,233.3522,0.003162,0,0
150,10.0,10,0,113.137,0.000234375,65.32,1.7321,8.02,2,10,0,1,1,1,121,0.0,57.2532,0.003162,1,1
150,10.0,10,1,113.137,0.000234375,65.32,1.7321,8.107,2,10,0,1,1,0,250,2.9128,403.3385,0.003162,0,0
150,10.0,10,2,113.137,0.000234375,65.32,1.7321,8.14,3,10,0,1,1,0,250,0.9096,35.7213,0.003162,1,0
150,10.0,10,3,113.137,0.000234375,65.32,1.7321,8.3,2,10,0,1,1,0,250,5.5299,419.1946,0.003162,0,0
150,10.0,10,4,113.137,0.000234375,65.32,1.7321,8.053,3,10,0,1,1,0,250,5.0934,40.3812,0.003162,0,0
150,10.0,12,0,113.137,0.000234375,65.32,1.7321,8.18,2,12,0,1,1,1,150,0.0098,58.8325,0.003162,1,1
150,10.0,12,1,113.137,0.000234375,65.32,1.7321,8.293,2,12,0,1,1,0,250,3.3127,351.1261,0.003162,0,0
150,10.0,12,2,113.137,0.000234375,65.32,1.7321,8.347,3,12,0,1,1,0,250,6.5521,32.9984,0.003162,0,0
150,10.0,12,3,113.137,0.000234375,65.32,1.7321,8.447,2,12,0,1,1,0,250,5.4915,413.0173,0.003162,0,0
150,10.0,12,4,113.137,0.000234375,65.32,1.7321,8.167,3,12,0,1,1,0,250,4.3408,37.8133,0.003162,0,0
150,12.0,6,0,135.765,0.000234375,65.32,2.0785,5.967,4,6,0,1,1,1,244,0.0163,53.4875,0.004988,0,0
150,12.0,6,1,135.765,0.000234375,65.32,2.0785,5.96,4,6,0,1,1,0,250,2.0507,389.8185,0.004988,0,0
150,12.0,6,2,135.765,0.000234375,65.32,2.0785,5.96,4,6,0,1,1,0,250,6.3782,266.8569,0.004988,0,0
150,12.0,6,3,135.765,0.000234375,65.32,2.0785,5.987,5,6,0,1,1,0,250,2.1331,332.3383,0.004988,0,0
150,12.0,6,4,135.765,0.000234375,65.32,2.0785,5.987,4,6,0,1,1,0,250,7.5224,185.1248,0.004988,0,0
150,12.0,10,0,135.765,0.000234375,65.32,2.0785,9.453,4,10,0,1,1,1,90,0.0267,40.4762,0.004988,1,1
150,12.0,10,1,135.765,0.000234375,65.32,2.0785,9.413,4,10,0,1,1,0,250,0.8775,422.7496,0.004988,1,0
150,12.0,10,2,135.765,0.000234375,65.32,2.0785,9.453,4,10,0,1,1,0,250,3.7246,379.2142,0.004988,0,0
150,12.0,10,3,135.765,0.000234375,65.32,2.0785,9.54,5,10,0,1,1,0,250,6.1691,427.5171,0.004988,0,0
150,12.0,10,4,135.765,0.000234375,65.32,2.0785,9.513,4,10,0,1,1,1,161,0.0,412.0774,0.004988,1,1
150,12.0,12,0,135.765,0.000234375,65.32,2.0785,10.78,4,12,0,1,1,1,104,0.0022,35.2345,0.004988,1,1
150,12.0,12,1,135.765,0.000234375,65.32,2.0785,10.733,4,12,0,1,1,1,128,0.0,399.5127,0.004988,1,1
150,12.0,12,2,135.765,0.000234375,65.32,2.0785,10.747,4,12,0,1,1,1,136,0.0,400.8221,0.004988,1,1
150,12.0,12,3,135.765,0.000234375,65.32,2.0785,10.873,5,12,0,1,1,0,250,6.2972,411.0423,0.004988,0,0
150,12.0,12,4,135.765,0.000234375,65.32,2.0785,10.74,4,12,0,1,1,1,112,0.0196,414.5344,0.004988,1,1
150,15.0,6,0,169.706,0.000234375,65.32,2.5981,6.0,6,6,0,1,1,0,250,1.1382,188.5491,0.008714,0,0
150,15.0,6,1,169.706,0.000234375,65.32,2.5981,6.0,6,6,0,1,1,0,250,2.1324,384.6989,0.008714,0,0
150,15.0,6,2,169.706,0.000234375,65.32,2.5981,6.0,6,6,0,1,1,0,250,7.3953,286.1787,0.008714,0,0
150,15.0,6,3,169.706,0.000234375,65.32,2.5981,6.0,6,6,0,1,1,0,250,2.8101,339.6182,0.008714,0,0
150,15.0,6,4,169.706,0.000234375,65.32,2.5981,6.0,6,6,0,1,1,0,250,7.2737,184.35,0.008714,0,0
150,15.0,10,0,169.706,0.000234375,65.32,2.5981,9.907,7,10,0,1,1,1,91,0.0235,50.2101,0.008714,1,1
150,15.0,10,1,169.706,0.000234375,65.32,2.5981,9.927,7,10,0,1,1,0,250,0.2082,420.9386,0.008714,1,0
150,15.0,10,2,169.706,0.000234375,65.32,2.5981,9.94,7,10,0,1,1,0,250,3.8509,340.304,0.008714,0,0
150,15.0,10,3,169.706,0.000234375,65.32,2.5981,9.947,6,10,0,1,1,0,250,0.6888,426.6842,0.008714,1,0
150,15.0,10,4,169.706,0.000234375,65.32,2.5981,9.96,8,10,0,1,1,1,110,0.0054,430.2256,0.008714,1,1
150,15.0,12,0,169.706,0.000234375,65.32,2.5981,11.747,7,12,0,1,1,1,85,0.0,53.4209,0.008714,1,1
150,15.0,12,1,169.706,0.000234375,65.32,2.5981,11.767,7,12,0,1,1,1,145,0.0,418.5783,0.008714,1,1
150,15.0,12,2,169.706,0.000234375,65.32,2.5981,11.8,7,12,0,1,1,1,143,0.0,408.1926,0.008714,1,1
150,15.0,12,3,169.706,0.000234375,65.32,2.5981,11.82,6,12,0,1,1,0,250,2.1966,415.3248,0.008714,0,0
150,15.0,12,4,169.706,0.000234375,65.32,2.5981,11.86,8,12,0,1,1,1,94,0.0,431.5818,0.008714,1,1
150,20.0,6,0,226.274,0.000234375,65.32,3.4641,6.0,6,6,0,1,1,0,250,1.1382,188.5491,0.017889,0,0
150,20.0,6,1,226.274,0.000234375,65.32,3.4641,6.0,6,6,0,1,1,0,250,2.1324,384.6989,0.017889,0,0
150,20.0,6,2,226.274,0.000234375,65.32,3.4641,6.0,6,6,0,1,1,0,250,7.3953,286.1787,0.017889,0,0
150,20.0,6,3,226.274,0.000234375,65.32,3.4641,6.0,6,6,0,1,1,0,250,2.8101,339.6182,0.017889,0,0
150,20.0,6,4,226.274,0.000234375,65.32,3.4641,6.0,6,6,0,1,1,0,250,7.2737,184.35,0.017889,0,0
150,20.0,10,0,226.274,0.000234375,65.32,3.4641,10.0,10,10,0,1,1,1,106,0.0,44.7199,0.017889,1,1
150,20.0,10,1,226.274,0.000234375,65.32,3.4641,10.0,10,10,0,1,1,1,118,0.0143,419.4455,0.017889,1,1
150,20.0,10,2,226.274,0.000234375,65.32,3.4641,10.0,10,10,0,1,1,0,250,4.1537,108.1975,0.017889,0,0
150,20.0,10,3,226.274,0.000234375,65.32,3.4641,10.0,10,10,0,1,1,0,250,2.7661,425.0393,0.017889,0,0
150,20.0,10,4,226.274,0.000234375,65.32,3.4641,10.0,10,10,0,1,1,1,113,0.0,429.9501,0.017889,1,1
150,20.0,12,0,226.274,0.000234375,65.32,3.4641,11.993,11,12,0,1,1,1,108,0.0,31.595,0.017889,1,1
150,20.0,12,1,226.274,0.000234375,65.32,3.4641,11.993,11,12,0,1,1,1,84,0.0,410.2623,0.017889,1,1
150,20.0,12,2,226.274,0.000234375,65.32,3.4641,12.0,12,12,0,1,1,1,167,0.0,395.2352,0.017889,1,1
150,20.0,12,3,226.274,0.000234375,65.32,3.4641,12.0,12,12,0,1,1,0,250,5.9628,394.5879,0.017889,0,0
150,20.0,12,4,226.274,0.000234375,65.32,3.4641,12.0,12,12,0,1,1,1,110,0.0013,430.9909,0.017889,1,1
150,25.0,6,0,282.843,0.000234375,65.32,4.3301,6.0,6,6,0,1,1,0,250,1.1382,188.5491,0.03125,0,0
150,25.0,6,1,282.843,0.000234375,65.32,4.3301,6.0,6,6,0,1,1,0,250,2.1324,384.6989,0.03125,0,0
150,25.0,6,2,282.843,0.000234375,65.32,4.3301,6.0,6,6,0,1,1,0,250,7.3953,286.1787,0.03125,0,0
150,25.0,6,3,282.843,0.000234375,65.32,4.3301,6.0,6,6,0,1,1,0,250,2.8101,339.6182,0.03125,0,0
150,25.0,6,4,282.843,0.000234375,65.32,4.3301,6.0,6,6,0,1,1,0,250,7.2737,184.35,0.03125,0,0
150,25.0,10,0,282.843,0.000234375,65.32,4.3301,10.0,10,10,0,1,1,1,106,0.0,44.7199,0.03125,1,1
150,25.0,10,1,282.843,0.000234375,65.32,4.3301,10.0,10,10,0,1,1,1,118,0.0143,419.4455,0.03125,1,1
150,25.0,10,2,282.843,0.000234375,65.32,4.3301,10.0,10,10,0,1,1,0,250,4.1537,108.1975,0.03125,0,0
150,25.0,10,3,282.843,0.000234375,65.32,4.3301,10.0,10,10,0,1,1,0,250,2.7661,425.0393,0.03125,0,0
150,25.0,10,4,282.843,0.000234375,65.32,4.3301,10.0,10,10,0,1,1,1,113,0.0,429.9501,0.03125,1,1
150,25.0,12,0,282.843,0.000234375,65.32,4.3301,12.0,12,12,0,1,1,1,130,0.0,34.2343,0.03125,1,1
150,25.0,12,1,282.843,0.000234375,65.32,4.3301,12.0,12,12,0,1,1,1,97,0.0,418.7602,0.03125,1,1
150,25.0,12,2,282.843,0.000234375,65.32,4.3301,12.0,12,12,0,1,1,1,167,0.0,395.2352,0.03125,1,1
150,25.0,12,3,282.843,0.000234375,65.32,4.3301,12.0,12,12,0,1,1,0,250,5.9628,394.5879,0.03125,0,0
150,25.0,12,4,282.843,0.000234375,65.32,4.3301,12.0,12,12,0,1,1,1,110,0.0013,430.9909,0.03125,1,1
150,30.0,6,0,339.411,0.000234375,65.32,5.1962,6.0,6,6,0,1,1,0,250,1.1382,188.5491,0.049295,0,0
150,30.0,6,1,339.411,0.000234375,65.32,5.1962,6.0,6,6,0,1,1,0,250,2.1324,384.6989,0.049295,0,0
150,30.0,6,2,339.411,0.000234375,65.32,5.1962,6.0,6,6,0,1,1,0,250,7.3953,286.1787,0.049295,0,0
150,30.0,6,3,339.411,0.000234375,65.32,5.1962,6.0,6,6,0,1,1,0,250,2.8101,339.6182,0.049295,0,0
150,30.0,6,4,339.411,0.000234375,65.32,5.1962,6.0,6,6,0,1,1,0,250,7.2737,184.35,0.049295,0,0
150,30.0,10,0,339.411,0.000234375,65.32,5.1962,10.0,10,10,0,1,1,1,106,0.0,44.7199,0.049295,1,1
150,30.0,10,1,339.411,0.000234375,65.32,5.1962,10.0,10,10,0,1,1,1,118,0.0143,419.4455,0.049295,1,1
150,30.0,10,2,339.411,0.000234375,65.32,5.1962,10.0,10,10,0,1,1,0,250,4.1537,108.1975,0.049295,0,0
150,30.0,10,3,339.411,0.000234375,65.32,5.1962,10.0,10,10,0,1,1,0,250,2.7661,425.0393,0.049295,0,0
150,30.0,10,4,339.411,0.000234375,65.32,5.1962,10.0,10,10,0,1,1,1,113,0.0,429.9501,0.049295,1,1
150,30.0,12,0,339.411,0.000234375,65.32,5.1962,12.0,12,12,0,1,1,1,130,0.0,34.2343,0.049295,1,1
150,30.0,12,1,339.411,0.000234375,65.32,5.1962,12.0,12,12,0,1,1,1,97,0.0,418.7602,0.049295,1,1
150,30.0,12,2,339.411,0.000234375,65.32,5.1962,12.0,12,12,0,1,1,1,167,0.0,395.2352,0.049295,1,1
150,30.0,12,3,339.411,0.000234375,65.32,5.1962,12.0,12,12,0,1,1,0,250,5.9628,394.5879,0.049295,0,0
150,30.0,12,4,339.411,0.000234375,65.32,5.1962,12.0,12,12,0,1,1,1,110,0.0013,430.9909,0.049295,1,1
200,5.0,6,0,56.569,0.0003125,56.569,1.0,2.43,0,5,2,27,0,1,76,0.0222,307.8666,0.000559,0,0
200,5.0,6,1,56.569,0.0003125,56.569,1.0,2.36,0,6,8,28,0,1,94,0.4096,296.7632,0.000559,0,0
200,5.0,6,2,56.569,0.0003125,56.569,1.0,2.5,0,5,5,17,0,1,124,0.1509,289.2621,0.000559,0,0
200,5.0,6,3,56.569,0.0003125,56.569,1.0,2.37,0,6,6,21,0,1,62,0.0427,298.3699,0.000559,0,0
200,5.0,6,4,56.569,0.0003125,56.569,1.0,2.43,0,6,6,18,0,1,62,0.2311,313.1507,0.000559,0,0
200,5.0,10,0,56.569,0.0003125,56.569,1.0,2.43,0,5,2,27,0,1,76,0.0222,307.8666,0.000559,0,0
200,5.0,10,1,56.569,0.0003125,56.569,1.0,2.36,0,6,8,28,0,1,94,0.4096,296.7632,0.000559,0,0
200,5.0,10,2,56.569,0.0003125,56.569,1.0,2.5,0,5,5,17,0,1,124,0.1509,289.2621,0.000559,0,0
200,5.0,10,3,56.569,0.0003125,56.569,1.0,2.37,0,6,6,21,0,1,62,0.0427,298.3699,0.000559,0,0
200,5.0,10,4,56.569,0.0003125,56.569,1.0,2.43,0,6,6,18,0,1,62,0.2311,313.1507,0.000559,0,0
200,5.0,12,0,56.569,0.0003125,56.569,1.0,2.43,0,5,2,27,0,1,76,0.0222,307.8666,0.000559,0,0
200,5.0,12,1,56.569,0.0003125,56.569,1.0,2.36,0,6,8,28,0,1,94,0.4096,296.7632,0.000559,0,0
200,5.0,12,2,56.569,0.0003125,56.569,1.0,2.5,0,5,5,17,0,1,124,0.1509,289.2621,0.000559,0,0
200,5.0,12,3,56.569,0.0003125,56.569,1.0,2.37,0,6,6,21,0,1,62,0.0427,298.3699,0.000559,0,0
200,5.0,12,4,56.569,0.0003125,56.569,1.0,2.43,0,6,6,18,0,1,62,0.2311,313.1507,0.000559,0,0
200,8.0,6,0,90.51,0.0003125,56.569,1.6,5.72,3,6,0,1,1,0,250,2.6254,265.1982,0.00181,0,0
200,8.0,6,1,90.51,0.0003125,56.569,1.6,5.745,3,6,0,1,1,0,250,4.4853,331.3004,0.00181,0,0
200,8.0,6,2,90.51,0.0003125,56.569,1.6,5.745,1,6,0,1,1,0,250,1.0556,78.8294,0.00181,0,0
200,8.0,6,3,90.51,0.0003125,56.569,1.6,5.785,3,6,0,1,1,0,250,4.8888,201.36,0.00181,0,0
200,8.0,6,4,90.51,0.0003125,56.569,1.6,5.715,3,6,0,1,1,0,250,3.7504,298.5674,0.00181,0,0
200,8.0,10,0,90.51,0.0003125,56.569,1.6,7.0,3,10,0,1,1,0,250,2.9398,225.4358,0.00181,0,0
200,8.0,10,1,90.51,0.0003125,56.569,1.6,7.275,3,10,0,1,1,0,250,3.8818,392.463,0.00181,0,0
200,8.0,10,2,90.51,0.0003125,56.569,1.6,7.31,1,10,0,1,1,0,250,0.4822,79.5167,0.00181,1,0
200,8.0,10,3,90.51,0.0003125,56.569,1.6,7.235,3,10,0,1,1,0,250,3.5596,94.1568,0.00181,0,0
200,8.0,10,4,90.51,0.0003125,56.569,1.6,7.215,3,10,0,1,1,0,250,0.1279,390.1446,0.00181,1,0
200,8.0,12,0,90.51,0.0003125,56.569,1.6,7.0,3,10,0,1,1,0,250,2.9398,225.4358,0.00181,0,0
200,8.0,12,1,90.51,0.0003125,56.569,1.6,7.31,3,11,0,1,1,0,250,3.2769,397.5361,0.00181,0,0
200,8.0,12,2,90.51,0.0003125,56.569,1.6,7.34,1,11,0,1,1,0,250,0.7193,77.1222,0.00181,1,0
200,8.0,12,3,90.51,0.0003125,56.569,1.6,7.24,3,11,0,1,1,0,250,4.2369,91.6667,0.00181,0,0
200,8.0,12,4,90.51,0.0003125,56.569,1.6,7.24,3,11,0,1,1,1,201,0.0119,393.2975,0.00181,1,1
200,10.0,6,0,113.137,0.0003125,56.569,2.0,5.965,4,6,0,1,1,0,250,4.5547,269.1368,0.003162,0,0
200,10.0,6,1,113.137,0.0003125,56.569,2.0,5.975,4,6,0,1,1,0,250,8.2206,256.5315,0.003162,0,0
200,10.0,6,2,113.137,0.0003125,56.569,2.0,5.985,3,6,0,1,1,0,250,3.6747,155.4687,0.003162,0,0
200,10.0,6,3,113.137,0.0003125,56.569,2.0,5.98,4,6,0,1,1,0,250,2.5028,192.4637,0.003162,0,0
200,10.0,6,4,113.137,0.0003125,56.569,2.0,5.98,5,6,0,1,1,0,250,2.6783,228.1218,0.003162,0,0
200,10.0,10,0,113.137,0.0003125,56.569,2.0,9.46,4,10,0,1,1,0,250,5.5428,296.4233,0.003162,0,0
200,10.0,10,1,113.137,0.0003125,56.569,2.0,9.51,4,10,0,1,1,0,250,5.8411,406.3541,0.003162,0,0
200,10.0,10,2,113.137,0.0003125,56.569,2.0,9.54,3,10,0,1,1,0,250,0.7165,21.4295,0.003162,1,0
200,10.0,10,3,113.137,0.0003125,56.569,2.0,9.515,4,10,0,1,1,0,250,4.7293,68.1837,0.003162,0,0
200,10.0,10,4,113.137,0.0003125,56.569,2.0,9.575,5,10,0,1,1,0,250,4.9012,279.5203,0.003162,0,0
200,10.0,12,0,113.137,0.0003125,56.569,2.0,10.73,4,12,0,1,1,0,250,0.0648,20.119,0.003162,1,0
200,10.0,12,1,113.137,0.0003125,56.569,2.0,10.725,4,12,0,1,1,0,250,5.3188,394.1613,0.003162,0,0
200,10.0,12,2,113.137,0.0003125,56.569,2.0,10.855,3,12,0,1,1,1,214,0.0087,40.0233,0.003162,1,1
200,10.0,12,3,113.137,0.0003125,56.569,2.0,10.76,4,12,0,1,1,1,192,0.0015,42.7452,0.003162,1,1
200,10.0,12,4,113.137,0.0003125,56.569,2.0,10.9,5,12,0,1,1,1,163,0.0031,398.3204,0.003162,1,1
200,12.0,6,0,135.765,0.0003125,56.569,2.4,5.995,5,6,0,1,1,0,250,3.7312,238.263,0.004988,0,0
200,12.0,6,1,135.765,0.0003125,56.569,2.4,6.0,6,6,0,1,1,0,250,7.2114,228.9087,0.004988,0,0
200,12.0,6,2,135.765,0.0003125,56.569,2.4,5.995,5,6,0,1,1,0,250,3.6555,183.7683,0.004988,0,0
200,12.0,6,3,135.765,0.0003125,56.569,2.4,6.0,6,6,0,1,1,0,250,3.4845,225.221,0.004988,0,0
200,12.0,6,4,135.765,0.0003125,56.569,2.4,6.0,6,6,0,1,1,0,250,4.2401,175.845,0.004988,0,0
200,12.0,10,0,135.765,0.0003125,56.569,2.4,9.89,5,10,0,1,1,0,250,0.5693,61.6984,0.004988,1,0
200,12.0,10,1,135.765,0.0003125,56.569,2.4,9.915,7,10,0,1,1,0,250,4.2307,404.7707,0.004988,0,0
200,12.0,10,2,135.765,0.0003125,56.569,2.4,9.885,5,10,0,1,1,0,250,7.6937,48.5362,0.004988,0,0
200,12.0,10,3,135.765,0.0003125,56.569,2.4,9.89,6,10,0,1,1,0,250,4.9926,93.0782,0.004988,0,0
200,12.0,10,4,135.765,0.0003125,56.569,2.4,9.89,6,10,0,1,1,1,243,0.0,39.3039,0.004988,1,1
200,12.0,12,0,135.765,0.0003125,56.569,2.4,11.745,5,12,0,1,1,1,201,0.0096,26.5578,0.004988,1,1
200,12.0,12,1,135.765,0.0003125,56.569,2.4,11.725,7,12,0,1,1,0,250,8.4883,412.4198,0.004988,0,0
200,12.0,12,2,135.765,0.0003125,56.569,2.4,11.7,5,12,0,1,1,0,250,2.5733,422.2391,0.004988,0,0
200,12.0,12,3,135.765,0.0003125,56.569,2.4,11.71,6,12,0,1,1,1,149,0.0009,49.2329,0.004988,1,1
200,12.0,12,4,135.765,0.0003125,56.569,2.4,11.725,6,12,0,1,1,0,250,0.381,426.5498,0.004988,1,0
200,15.0,6,0,169.706,0.0003125,56.569,3.0,6.0,6,6,0,1,1,0,250,3.6353,235.9004,0.008714,0,0
200,15.0,6,1,169.706,0.0003125,56.569,3.0,6.0,6,6,0,1,1,0,250,7.4232,229.5598,0.008714,0,0
200,15.0,6,2,169.706,0.0003125,56.569,3.0,6.0,6,6,0,1,1,0,250,4.7224,200.664,0.008714,0,0
200,15.0,6,3,169.706,0.0003125,56.569,3.0,6.0,6,6,0,1,1,0,250,3.4845,225.221,0.008714,0,0
200,15.0,6,4,169.706,0.0003125,56.569,3.0,6.0,6,6,0,1,1,0,250,4.2401,175.845,0.008714,0,0
200,15.0,10,0,169.706,0.0003125,56.569,3.0,9.995,9,10,0,1,1,0,250,0.6254,82.0436,0.008714,1,0
200,15.0,10,1,169.706,0.0003125,56.569,3.0,10.0,10,10,0,1,1,0,250,4.4531,404.1141,0.008714,0,0
200,15.0,10,2,169.706,0.0003125,56.569,3.0,9.99,9,10,0,1,1,0,250,2.9772,30.077,0.008714,0,0
200,15.0,10,3,169.706,0.0003125,56.569,3.0,10.0,10,10,0,1,1,0,250,1.3351,191.635,0.008714,0,0
200,15.0,10,4,169.706,0.0003125,56.569,3.0,10.0,10,10,0,1,1,1,243,0.0,20.3474,0.008714,1,1
200,15.0,12,0,169.706,0.0003125,56.569,3.0,11.955,9,12,0,1,1,1,201,0.0,29.1304,0.008714,1,1
200,15.0,12,1,169.706,0.0003125,56.569,3.0,11.985,10,12,0,1,1,0,250,4.6994,401.1652,0.008714,0,0
200,15.0,12,2,169.706,0.0003125,56.569,3.0,11.97,9,12,0,1,1,0,250,0.6018,420.972,0.008714,1,0
200,15.0,12,3,169.706,0.0003125,56.569,3.0,11.985,11,12,0,1,1,0,250,0.7256,28.4378,0.008714,1,0
200,15.0,12,4,169.706,0.0003125,56.569,3.0,11.985,10,12,0,1,1,0,250,6.5918,417.216,0.008714,0,0
200,20.0,6,0,226.274,0.0003125,56.569,4.0,6.0,6,6,0,1,1,0,250,3.3706,223.4822,0.017889,0,0
200,20.0,6,1,226.274,0.0003125,56.569,4.0,6.0,6,6,0,1,1,0,250,7.2114,228.9087,0.017889,0,0
200,20.0,6,2,226.274,0.0003125,56.569,4.0,6.0,6,6,0,1,1,0,250,3.2115,172.1508,0.017889,0,0
200,20.0,6,3,226.274,0.0003125,56.569,4.0,6.0,6,6,0,1,1,0,250,3.4845,225.221,0.017889,0,0
200,20.0,6,4,226.274,0.0003125,56.569,4.0,6.0,6,6,0,1,1,0,250,3.4366,188.7374,0.017889,0,0
200,20.0,10,0,226.274,0.0003125,56.569,4.0,10.0,10,10,0,1,1,0,250,0.1727,56.9616,0.017889,1,0
200,20.0,10,1,226.274,0.0003125,56.569,4.0,10.0,10,10,0,1,1,0,250,4.4531,404.1141,0.017889,0,0
200,20.0,10,2,226.274,0.0003125,56.569,4.0,10.0,10,10,0,1,1,0,250,5.799,39.5157,0.017889,0,0
200,20.0,10,3,226.274,0.0003125,56.569,4.0,10.0,10,10,0,1,1,0,250,1.855,159.5682,0.017889,0,0
200,20.0,10,4,226.274,0.0003125,56.569,4.0,10.0,10,10,0,1,1,1,243,0.0,20.3474,0.017889,1,1
200,20.0,12,0,226.274,0.0003125,56.569,4.0,12.0,12,12,0,1,1,1,124,0.0,49.5763,0.017889,1,1
200,20.0,12,1,226.274,0.0003125,56.569,4.0,12.0,12,12,0,1,1,0,250,8.4581,412.3368,0.017889,0,0
200,20.0,12,2,226.274,0.0003125,56.569,4.0,12.0,12,12,0,1,1,0,250,4.5262,426.5168,0.017889,0,0
200,20.0,12,3,226.274,0.0003125,56.569,4.0,12.0,12,12,0,1,1,1,185,0.0235,40.1571,0.017889,1,1
200,20.0,12,4,226.274,0.0003125,56.569,4.0,12.0,12,12,0,1,1,0,250,2.0238,427.5832,0.017889,0,0
200,25.0,6,0,282.843,0.0003125,56.569,5.0,6.0,6,6,0,1,1,0,250,3.6353,235.9004,0.03125,0,0
200,25.0,6,1,282.843,0.0003125,56.569,5.0,6.0,6,6,0,1,1,0,250,7.1349,232.2443,0.03125,0,0
200,25.0,6,2,282.843,0.0003125,56.569,5.0,6.0,6,6,0,1,1,0,250,4.336,167.4742,0.03125,0,0
200,25.0,6,3,282.843,0.0003125,56.569,5.0,6.0,6,6,0,1,1,0,250,3.4845,225.221,0.03125,0,0
200,25.0,6,4,282.843,0.0003125,56.569,5.0,6.0,6,6,0,1,1,0,250,4.2401,175.845,0.03125,0,0
200,25.0,10,0,282.843,0.0003125,56.569,5.0,10.0,10,10,0,1,1,0,250,0.1727,56.9616,0.03125,1,0
200,25.0,10,1,282.843,0.0003125,56.569,5.0,10.0,10,10,0,1,1,0,250,4.4531,404.1141,0.03125,0,0
200,25.0,10,2,282.843,0.0003125,56.569,5.0,10.0,10,10,0,1,1,0,250,5.799,39.5157,0.03125,0,0
200,25.0,10,3,282.843,0.0003125,56.569,5.0,10.0,10,10,0,1,1,0,250,1.3351,191.635,0.03125,0,0
200,25.0,10,4,282.843,0.0003125,56.569,5.0,10.0,10,10,0,1,1,1,243,0.0,20.3474,0.03125,1,1
200,25.0,12,0,282.843,0.0003125,56.569,5.0,12.0,12,12,0,1,1,1,124,0.0,49.5763,0.03125,1,1
200,25.0,12,1,282.843,0.0003125,56.569,5.0,12.0,12,12,0,1,1,0,250,3.9524,401.9573,0.03125,0,0
200,25.0,12,2,282.843,0.0003125,56.569,5.0,12.0,12,12,0,1,1,0,250,4.5262,426.5168,0.03125,0,0
200,25.0,12,3,282.843,0.0003125,56.569,5.0,12.0,12,12,0,1,1,1,185,0.0235,40.1571,0.03125,1,1
200,25.0,12,4,282.843,0.0003125,56.569,5.0,12.0,12,12,0,1,1,0,250,2.0238,427.5832,0.03125,0,0
200,30.0,6,0,339.411,0.0003125,56.569,6.0,6.0,6,6,0,1,1,0,250,3.3706,223.4822,0.049295,0,0
200,30.0,6,1,339.411,0.0003125,56.569,6.0,6.0,6,6,0,1,1,0,250,6.6001,231.6122,0.049295,0,0
200,30.0,6,2,339.411,0.0003125,56.569,6.0,6.0,6,6,0,1,1,0,250,4.7224,200.664,0.049295,0,0
200,30.0,6,3,339.411,0.0003125,56.569,6.0,6.0,6,6,0,1,1,0,250,3.4845,225.221,0.049295,0,0
200,30.0,6,4,339.411,0.0003125,56.569,6.0,6.0,6,6,0,1,1,0,250,4.2401,175.845,0.049295,0,0
200,30.0,10,0,339.411,0.0003125,56.569,6.0,10.0,10,10,0,1,1,0,250,0.1258,64.9326,0.049295,1,0
200,30.0,10,1,339.411,0.0003125,56.569,6.0,10.0,10,10,0,1,1,0,250,4.4531,404.1141,0.049295,0,0
200,30.0,10,2,339.411,0.0003125,56.569,6.0,10.0,10,10,0,1,1,0,250,8.4027,54.0224,0.049295,0,0
200,30.0,10,3,339.411,0.0003125,56.569,6.0,10.0,10,10,0,1,1,0,250,1.6782,189.8552,0.049295,0,0
200,30.0,10,4,339.411,0.0003125,56.569,6.0,10.0,10,10,0,1,1,1,243,0.0,20.3474,0.049295,1,1
200,30.0,12,0,339.411,0.0003125,56.569,6.0,12.0,12,12,0,1,1,1,124,0.0,49.5763,0.049295,1,1
200,30.0,12,1,339.411,0.0003125,56.569,6.0,12.0,12,12,0,1,1,0,250,3.9524,401.9573,0.049295,0,0
200,30.0,12,2,339.411,0.0003125,56.569,6.0,12.0,12,12,0,1,1,0,250,4.5262,426.5168,0.049295,0,0
200,30.0,12,3,339.411,0.0003125,56.569,6.0,12.0,12,12,0,1,1,1,185,0.0235,40.1571,0.049295,1,1
200,30.0,12,4,339.411,0.0003125,56.569,6.0,12.0,12,12,0,1,1,0,250,2.0238,427.5832,0.049295,0,0
300,5.0,6,0,56.569,0.00046875,46.188,1.2247,4.02,0,6,1,2,0,0,250,0.5236,282.6925,0.000559,0,0
300,5.0,6,1,56.569,0.00046875,46.188,1.2247,4.06,0,6,2,3,0,1,168,0.078,325.3164,0.000559,0,0
300,5.0,6,2,56.569,0.00046875,46.188,1.2247,4.03,0,6,1,2,0,1,143,0.0639,312.0456,0.000559,0,0
300,5.0,6,3,56.569,0.00046875,46.188,1.2247,3.977,0,6,1,2,0,1,165,0.1261,308.9028,0.000559,0,0
300,5.0,6,4,56.569,0.00046875,46.188,1.2247,3.897,1,6,0,2,0,0,250,0.7942,264.274,0.000559,0,0
300,5.0,10,0,56.569,0.00046875,46.188,1.2247,4.033,0,7,1,2,0,0,250,0.6155,289.9602,0.000559,0,0
300,5.0,10,1,56.569,0.00046875,46.188,1.2247,4.087,0,7,2,3,0,1,172,0.0527,324.3432,0.000559,0,0
300,5.0,10,2,56.569,0.00046875,46.188,1.2247,4.067,0,8,1,2,0,1,143,0.0602,315.4574,0.000559,0,0
300,5.0,10,3,56.569,0.00046875,46.188,1.2247,3.987,0,8,1,2,0,1,164,0.0315,309.2566,0.000559,0,0
300,5.0,10,4,56.569,0.00046875,46.188,1.2247,3.913,1,7,0,2,0,0,250,0.6929,267.2033,0.000559,0,0
300,5.0,12,0,56.569,0.00046875,46.188,1.2247,4.033,0,7,1,2,0,0,250,0.6155,289.9602,0.000559,0,0
300,5.0,12,1,56.569,0.00046875,46.188,1.2247,4.087,0,7,2,3,0,1,172,0.0527,324.3432,0.000559,0,0
300,5.0,12,2,56.569,0.00046875,46.188,1.2247,4.067,0,8,1,2,0,1,143,0.0602,315.4574,0.000559,0,0
300,5.0,12,3,56.569,0.00046875,46.188,1.2247,3.987,0,8,1,2,0,1,164,0.0315,309.2566,0.000559,0,0
300,5.0,12,4,56.569,0.00046875,46.188,1.2247,3.913,1,7,0,2,0,0,250,0.6929,267.2033,0.000559,0,0
300,8.0,6,0,90.51,0.00046875,46.188,1.9596,5.987,4,6,0,1,1,0,250,3.8981,370.6365,0.00181,0,0
300,8.0,6,1,90.51,0.00046875,46.188,1.9596,5.97,4,6,0,1,1,0,250,3.492,432.6891,0.00181,0,0
300,8.0,6,2,90.51,0.00046875,46.188,1.9596,5.973,3,6,0,1,1,0,250,2.851,351.5412,0.00181,0,0
300,8.0,6,3,90.51,0.00046875,46.188,1.9596,5.98,4,6,0,1,1,0,250,7.1668,277.8633,0.00181,0,0
300,8.0,6,4,90.51,0.00046875,46.188,1.9596,5.973,4,6,0,1,1,0,250,4.2552,161.821,0.00181,0,0
300,8.0,10,0,90.51,0.00046875,46.188,1.9596,9.53,4,10,0,1,1,0,250,1.0015,432.7329,0.00181,0,0
300,8.0,10,1,90.51,0.00046875,46.188,1.9596,9.483,4,10,0,1,1,0,250,0.0626,419.07,0.00181,1,0
300,8.0,10,2,90.51,0.00046875,46.188,1.9596,9.517,3,10,0,1,1,0,250,1.2749,358.9958,0.00181,0,0
300,8.0,10,3,90.51,0.00046875,46.188,1.9596,9.57,4,10,0,1,1,0,250,4.198,241.4637,0.00181,0,0
300,8.0,10,4,90.51,0.00046875,46.188,1.9596,9.52,4,10,0,1,1,0,250,2.2391,86.4906,0.00181,0,0
300,8.0,12,0,90.51,0.00046875,46.188,1.9596,10.633,4,12,0,1,1,0,250,2.6946,420.7096,0.00181,0,0
300,8.0,12,1,90.51,0.00046875,46.188,1.9596,10.647,4,12,0,1,1,0,250,0.0751,424.0554,0.00181,1,0
300,8.0,12,2,90.51,0.00046875,46.188,1.9596,10.587,3,12,0,1,1,0,250,1.9734,417.591,0.00181,0,0
300,8.0,12,3,90.51,0.00046875,46.188,1.9596,10.703,4,12,0,1,1,0,250,2.4799,364.0073,0.00181,0,0
300,8.0,12,4,90.51,0.00046875,46.188,1.9596,10.59,4,12,0,1,1,0,250,0.1134,52.0389,0.00181,1,0
300,10.0,6,0,113.137,0.00046875,46.188,2.4495,6.0,6,6,0,1,1,0,250,3.8607,369.4386,0.003162,0,0
300,10.0,6,1,113.137,0.00046875,46.188,2.4495,6.0,6,6,0,1,1,0,250,2.7632,429.0968,0.003162,0,0
300,10.0,6,2,113.137,0.00046875,46.188,2.4495,6.0,6,6,0,1,1,0,250,3.0304,306.6983,0.003162,0,0
300,10.0,6,3,113.137,0.00046875,46.188,2.4495,5.997,5,6,0,1,1,0,250,6.1475,225.1494,0.003162,0,0
300,10.0,6,4,113.137,0.00046875,46.188,2.4495,6.0,6,6,0,1,1,0,250,2.1256,94.9016,0.003162,0,0
300,10.0,10,0,113.137,0.00046875,46.188,2.4495,9.97,8,10,0,1,1,0,250,0.5373,410.88,0.003162,1,0
300,10.0,10,1,113.137,0.00046875,46.188,2.4495,9.963,7,10,0,1,1,0,250,0.0444,427.8996,0.003162,1,0
300,10.0,10,2,113.137,0.00046875,46.188,2.4495,9.95,6,10,0,1,1,0,250,4.4284,248.4903,0.003162,0,0
300,10.0,10,3,113.137,0.00046875,46.188,2.4495,9.933,5,10,0,1,1,0,250,3.4486,185.144,0.003162,0,0
300,10.0,10,4,113.137,0.00046875,46.188,2.4495,9.96,7,10,0,1,1,0,250,3.528,95.3581,0.003162,0,0
300,10.0,12,0,113.137,0.00046875,46.188,2.4495,11.837,8,12,0,1,1,0,250,0.3549,432.6364,0.003162,1,0
300,10.0,12,1,113.137,0.00046875,46.188,2.4495,11.833,7,12,0,1,1,1,201,0.0145,425.82,0.003162,1,1
300,10.0,12,2,113.137,0.00046875,46.188,2.4495,11.823,6,12,0,1,1,0,250,3.45,213.7285,0.003162,0,0
300,10.0,12,3,113.137,0.00046875,46.188,2.4495,11.807,5,12,0,1,1,0,250,5.7042,210.0709,0.003162,0,0
300,10.0,12,4,113.137,0.00046875,46.188,2.4495,11.807,7,12,0,1,1,0,250,0.6615,24.9653,0.003162,1,0
300,12.0,6,0,135.765,0.00046875,46.188,2.9394,6.0,6,6,0,1,1,0,250,3.4335,372.8991,0.004988,0,0
300,12.0,6,1,135.765,0.00046875,46.188,2.9394,6.0,6,6,0,1,1,0,250,1.9907,434.2752,0.004988,0,0
300,12.0,6,2,135.765,0.00046875,46.188,2.9394,6.0,6,6,0,1,1,0,250,2.8509,301.5369,0.004988,0,0
300,12.0,6,3,135.765,0.00046875,46.188,2.9394,6.0,6,6,0,1,1,0,250,7.4052,232.7522,0.004988,0,0
300,12.0,6,4,135.765,0.00046875,46.188,2.9394,6.0,6,6,0,1,1,0,250,2.1256,94.9016,0.004988,0,0
300,12.0,10,0,135.765,0.00046875,46.188,2.9394,10.0,10,10,0,1,1,0,250,0.774,414.6498,0.004988,1,0
300,12.0,10,1,135.765,0.00046875,46.188,2.9394,10.0,10,10,0,1,1,0,250,0.3758,429.6573,0.004988,1,0
300,12.0,10,2,135.765,0.00046875,46.188,2.9394,9.993,8,10,0,1,1,0,250,3.5583,274.7343,0.004988,0,0
300,12.0,10,3,135.765,0.00046875,46.188,2.9394,9.997,9,10,0,1,1,0,250,2.4881,163.6131,0.004988,0,0
300,12.0,10,4,135.765,0.00046875,46.188,2.9394,10.0,10,10,0,1,1,0,250,2.7329,85.333,0.004988,0,0
300,12.0,12,0,135.765,0.00046875,46.188,2.9394,11.993,11,12,0,1,1,1,229,0.0086,431.0535,0.004988,1,1
300,12.0,12,1,135.765,0.00046875,46.188,2.9394,11.987,10,12,0,1,1,1,232,0.0031,438.1072,0.004988,1,1
300,12.0,12,2,135.765,0.00046875,46.188,2.9394,11.973,8,12,0,1,1,0,250,3.6393,184.8276,0.004988,0,0
300,12.0,12,3,135.765,0.00046875,46.188,2.9394,11.97,9,12,0,1,1,0,250,3.9131,160.7351,0.004988,0,0
300,12.0,12,4,135.765,0.00046875,46.188,2.9394,11.983,10,12,0,1,1,0,250,1.1056,22.4413,0.004988,0,0
300,15.0,6,0,169.706,0.00046875,46.188,3.6742,6.0,6,6,0,1,1,0,250,3.8607,369.4386,0.008714,0,0
300,15.0,6,1,169.706,0.00046875,46.188,3.6742,6.0,6,6,0,1,1,0,250,2.4333,430.6873,0.008714,0,0
300,15.0,6,2,169.706,0.00046875,46.188,3.6742,6.0,6,6,0,1,1,0,250,2.1006,314.114,0.008714,0,0
300,15.0,6,3,169.706,0.00046875,46.188,3.6742,6.0,6,6,0,1,1,0,250,6.8938,231.1897,0.008714,0,0
300,15.0,6,4,169.706,0.00046875,46.188,3.6742,6.0,6,6,0,1,1,0,250,2.1256,94.9016,0.008714,0,0
300,15.0,10,0,169.706,0.00046875,46.188,3.6742,10.0,10,10,0,1,1,0,250,0.774,414.6498,0.008714,1,0
300,15.0,10,1,169.706,0.00046875,46.188,3.6742,10.0,10,10,0,1,1,0,250,0.3758,429.6573,0.008714,1,0
300,15.0,10,2,169.706,0.00046875,46.188,3.6742,10.0,10,10,0,1,1,0,250,5.0685,254.6227,0.008714,0,0
300,15.0,10,3,169.706,0.00046875,46.188,3.6742,10.0,10,10,0,1,1,0,250,2.4545,158.3118,0.008714,0,0
300,15.0,10,4,169.706,0.00046875,46.188,3.6742,10.0,10,10,0,1,1,0,250,3.3336,84.8869,0.008714,0,0
300,15.0,12,0,169.706,0.00046875,46.188,3.6742,12.0,12,12,0,1,1,0,250,0.211,431.9783,0.008714,1,0
300,15.0,12,1,169.706,0.00046875,46.188,3.6742,12.0,12,12,0,1,1,1,186,0.0325,433.9284,0.008714,1,1
300,15.0,12,2,169.706,0.00046875,46.188,3.6742,12.0,12,12,0,1,1,0,250,2.8404,202.7525,0.008714,0,0
300,15.0,12,3,169.706,0.00046875,46.188,3.6742,12.0,12,12,0,1,1,0,250,4.4536,184.5525,0.008714,0,0
300,15.0,12,4,169.706,0.00046875,46.188,3.6742,12.0,12,12,0,1,1,0,250,2.2735,26.786,0.008714,0,0
300,20.0,6,0,226.274,0.00046875,46.188,4.899,6.0,6,6,0,1,1,0,250,3.8607,369.4386,0.017889,0,0
300,20.0,6,1,226.274,0.00046875,46.188,4.899,6.0,6,6,0,1,1,0,250,2.2529,433.1271,0.017889,0,0
300,20.0,6,2,226.274,0.00046875,46.188,4.899,6.0,6,6,0,1,1,0,250,2.5034,324.902,0.017889,0,0
300,20.0,6,3,226.274,0.00046875,46.188,4.899,6.0,6,6,0,1,1,0,250,6.8938,231.1897,0.017889,0,0
300,20.0,6,4,226.274,0.00046875,46.188,4.899,6.0,6,6,0,1,1,0,250,2.684,99.6723,0.017889,0,0
300,20.0,10,0,226.274,0.00046875,46.188,4.899,10.0,10,10,0,1,1,0,250,0.9054,412.1394,0.017889,1,0
300,20.0,10,1,226.274,0.00046875,46.188,4.899,10.0,10,10,0,1,1,0,250,0.3758,429.6573,0.017889,1,0
300,20.0,10,2,226.274,0.00046875,46.188,4.899,10.0,10,10,0,1,1,0,250,5.0685,254.6227,0.017889,0,0
300,20.0,10,3,226.274,0.00046875,46.188,4.899,10.0,10,10,0,1,1,0,250,2.4545,158.3118,0.017889,0,0
300,20.0,10,4,226.274,0.00046875,46.188,4.899,10.0,10,10,0,1,1,0,250,3.6732,73.6378,0.017889,0,0
300,20.0,12,0,226.274,0.00046875,46.188,4.899,12.0,12,12,0,1,1,0,250,0.211,431.9783,0.017889,1,0
300,20.0,12,1,226.274,0.00046875,46.188,4.899,12.0,12,12,0,1,1,1,186,0.0325,433.9284,0.017889,1,1
300,20.0,12,2,226.274,0.00046875,46.188,4.899,12.0,12,12,0,1,1,0,250,2.8253,187.9482,0.017889,0,0
300,20.0,12,3,226.274,0.00046875,46.188,4.899,12.0,12,12,0,1,1,0,250,3.5668,162.6004,0.017889,0,0
300,20.0,12,4,226.274,0.00046875,46.188,4.899,12.0,12,12,0,1,1,0,250,2.2735,26.786,0.017889,0,0
300,25.0,6,0,282.843,0.00046875,46.188,6.1237,6.0,6,6,0,1,1,0,250,3.8607,369.4386,0.03125,0,0
300,25.0,6,1,282.843,0.00046875,46.188,6.1237,6.0,6,6,0,1,1,0,250,1.9907,434.2752,0.03125,0,0
300,25.0,6,2,282.843,0.00046875,46.188,6.1237,6.0,6,6,0,1,1,0,250,2.8509,301.5369,0.03125,0,0
300,25.0,6,3,282.843,0.00046875,46.188,6.1237,6.0,6,6,0,1,1,0,250,6.8938,231.1897,0.03125,0,0
300,25.0,6,4,282.843,0.00046875,46.188,6.1237,6.0,6,6,0,1,1,0,250,2.684,99.6723,0.03125,0,0
300,25.0,10,0,282.843,0.00046875,46.188,6.1237,10.0,10,10,0,1,1,0,250,0.9054,412.1394,0.03125,1,0
300,25.0,10,1,282.843,0.00046875,46.188,6.1237,10.0,10,10,0,1,1,0,250,0.3758,429.6573,0.03125,1,0
300,25.0,10,2,282.843,0.00046875,46.188,6.1237,10.0,10,10,0,1,1,0,250,5.0685,254.6227,0.03125,0,0
300,25.0,10,3,282.843,0.00046875,46.188,6.1237,10.0,10,10,0,1,1,0,250,2.4545,158.3118,0.03125,0,0
300,25.0,10,4,282.843,0.00046875,46.188,6.1237,10.0,10,10,0,1,1,0,250,3.5393,86.0381,0.03125,0,0
300,25.0,12,0,282.843,0.00046875,46.188,6.1237,12.0,12,12,0,1,1,0,250,0.7094,428.4433,0.03125,1,0
300,25.0,12,1,282.843,0.00046875,46.188,6.1237,12.0,12,12,0,1,1,1,186,0.0325,433.9284,0.03125,1,1
300,25.0,12,2,282.843,0.00046875,46.188,6.1237,12.0,12,12,0,1,1,0,250,2.8253,187.9482,0.03125,0,0
300,25.0,12,3,282.843,0.00046875,46.188,6.1237,12.0,12,12,0,1,1,0,250,3.5668,162.6004,0.03125,0,0
300,25.0,12,4,282.843,0.00046875,46.188,6.1237,12.0,12,12,0,1,1,0,250,2.2735,26.786,0.03125,0,0
300,30.0,6,0,339.411,0.00046875,46.188,7.3485,6.0,6,6,0,1,1,0,250,3.8607,369.4386,0.049295,0,0
300,30.0,6,1,339.411,0.00046875,46.188,7.3485,6.0,6,6,0,1,1,0,250,1.9907,434.2752,0.049295,0,0
300,30.0,6,2,339.411,0.00046875,46.188,7.3485,6.0,6,6,0,1,1,0,250,2.1006,314.114,0.049295,0,0
300,30.0,6,3,339.411,0.00046875,46.188,7.3485,6.0,6,6,0,1,1,0,250,6.8938,231.1897,0.049295,0,0
300,30.0,6,4,339.411,0.00046875,46.188,7.3485,6.0,6,6,0,1,1,0,250,2.684,99.6723,0.049295,0,0
300,30.0,10,0,339.411,0.00046875,46.188,7.3485,10.0,10,10,0,1,1,0,250,0.9054,412.1394,0.049295,1,0
300,30.0,10,1,339.411,0.00046875,46.188,7.3485,10.0,10,10,0,1,1,0,250,0.3758,429.6573,0.049295,1,0
300,30.0,10,2,339.411,0.00046875,46.188,7.3485,10.0,10,10,0,1,1,0,250,5.0685,254.6227,0.049295,0,0
300,30.0,10,3,339.411,0.00046875,46.188,7.3485,10.0,10,10,0,1,1,0,250,2.4545,158.3118,0.049295,0,0
300,30.0,10,4,339.411,0.00046875,46.188,7.3485,10.0,10,10,0,1,1,0,250,3.499,78.8077,0.049295,0,0
300,30.0,12,0,339.411,0.00046875,46.188,7.3485,12.0,12,12,0,1,1,0,250,0.211,431.9783,0.049295,1,0
300,30.0,12,1,339.411,0.00046875,46.188,7.3485,12.0,12,12,0,1,1,1,186,0.0325,433.9284,0.049295,1,1
300,30.0,12,2,339.411,0.00046875,46.188,7.3485,12.0,12,12,0,1,1,0,250,2.5407,202.1673,0.049295,0,0
300,30.0,12,3,339.411,0.00046875,46.188,7.3485,12.0,12,12,0,1,1,0,250,4.4536,184.5525,0.049295,0,0
300,30.0,12,4,339.411,0.00046875,46.188,7.3485,12.0,12,12,0,1,1,0,250,2.2735,26.786,0.049295,0,0
