n_nodes,seed,k_neighbors,tx_pct,connected,n_pairs_requested,n_pairs,pdr,mean_hops_delivered,mean_stretch_delivered,greedy_failure_rate,loop_rate,dead_end_rate,hop_limit_rate,disconnected_rate,decision_agreement,case
250,0,10,12.521980673998822,1,500,500.0,1.0,4.614,1.1570095238095237,0.0,0.0,0.0,0.0,0.0,,A_reference
250,0,10,12.521980673998822,1,500,500.0,1.0,4.63,1.1599190476190475,0.0,0.0,0.0,0.0,0.0,0.8868880952380953,B_mds_only
250,0,10,12.521980673998822,1,500,500.0,1.0,4.63,1.1599190476190475,0.0,0.0,0.0,0.0,0.0,0.8868880952380953,C_mds_attraction
250,1,10,12.521980673998822,1,500,500.0,1.0,4.476,1.1396238095238096,0.0,0.0,0.0,0.0,0.0,,A_reference
250,1,10,12.521980673998822,1,500,500.0,1.0,4.476,1.1367857142857143,0.0,0.0,0.0,0.0,0.0,0.9017960317460317,B_mds_only
250,1,10,12.521980673998822,1,500,500.0,1.0,4.476,1.1367857142857143,0.0,0.0,0.0,0.0,0.0,0.9017960317460317,C_mds_attraction
250,2,10,12.521980673998822,1,500,500.0,1.0,4.514,1.1632190476190476,0.0,0.0,0.0,0.0,0.0,,A_reference
250,2,10,12.521980673998822,1,500,500.0,1.0,4.498,1.1596190476190475,0.0,0.0,0.0,0.0,0.0,0.8894595238095239,B_mds_only
250,2,10,12.521980673998822,1,500,500.0,1.0,4.498,1.1596190476190475,0.0,0.0,0.0,0.0,0.0,0.8894595238095239,C_mds_attraction
250,3,10,12.521980673998822,1,500,500.0,1.0,4.566,1.1406142857142856,0.0,0.0,0.0,0.0,0.0,,A_reference
250,3,10,12.521980673998822,1,500,500.0,1.0,4.584,1.1440142857142857,0.0,0.0,0.0,0.0,0.0,0.8941119047619047,B_mds_only
250,3,10,12.521980673998822,1,500,500.0,1.0,4.584,1.1440142857142857,0.0,0.0,0.0,0.0,0.0,0.8941119047619047,C_mds_attraction
250,4,10,12.521980673998822,1,500,500.0,1.0,4.424,1.1470857142857145,0.0,0.0,0.0,0.0,0.0,,A_reference
250,4,10,12.521980673998822,1,500,500.0,1.0,4.41,1.142007142857143,0.0,0.0,0.0,0.0,0.0,0.8875093073593073,B_mds_only
250,4,10,12.521980673998822,1,500,500.0,1.0,4.41,1.142007142857143,0.0,0.0,0.0,0.0,0.0,0.8875093073593073,C_mds_attraction
250,5,10,12.521980673998822,1,500,500.0,1.0,4.494,1.1480095238095236,0.0,0.0,0.0,0.0,0.0,,A_reference
250,5,10,12.521980673998822,1,500,500.0,1.0,4.5,1.1509333333333334,0.0,0.0,0.0,0.0,0.0,0.8712007936507937,B_mds_only
250,5,10,12.521980673998822,1,500,500.0,1.0,4.5,1.1509333333333334,0.0,0.0,0.0,0.0,0.0,0.8712007936507937,C_mds_attraction
250,6,10,12.521980673998822,1,500,500.0,1.0,4.498,1.149784126984127,0.0,0.0,0.0,0.0,0.0,,A_reference
250,6,10,12.521980673998822,1,500,500.0,1.0,4.498,1.147588888888889,0.0,0.0,0.0,0.0,0.0,0.9029126984126983,B_mds_only
250,6,10,12.521980673998822,1,500,500.0,1.0,4.498,1.147588888888889,0.0,0.0,0.0,0.0,0.0,0.9029126984126983,C_mds_attraction
250,7,10,12.521980673998822,1,500,500.0,1.0,4.498,1.1537952380952379,0.0,0.0,0.0,0.0,0.0,,A_reference
250,7,10,12.521980673998822,1,500,500.0,1.0,4.496,1.153747619047619,0.0,0.0,0.0,0.0,0.0,0.890547619047619,B_mds_only
250,7,10,12.521980673998822,1,500,500.0,1.0,4.496,1.153747619047619,0.0,0.0,0.0,0.0,0.0,0.890547619047619,C_mds_attraction
250,8,10,12.521980673998822,1,500,500.0,1.0,4.508,1.1490642857142856,0.0,0.0,0.0,0.0,0.0,,A_reference
250,8,10,12.521980673998822,1,500,500.0,1.0,4.456,1.1345928571428572,0.0,0.0,0.0,0.0,0.0,0.9068468253968254,B_mds_only
250,8,10,12.521980673998822,1,500,500.0,1.0,4.456,1.1345928571428572,0.0,0.0,0.0,0.0,0.0,0.9068468253968254,C_mds_attraction
250,9,10,12.521980673998822,1,500,500.0,1.0,4.374,1.1270476190476189,0.0,0.0,0.0,0.0,0.0,,A_reference
250,9,10,12.521980673998822,1,500,500.0,1.0,4.364,1.121747619047619,0.0,0.0,0.0,0.0,0.0,0.8946531746031746,B_mds_only
250,9,10,12.521980673998822,1,500,500.0,1.0,4.364,1.121747619047619,0.0,0.0,0.0,0.0,0.0,0.8946531746031746,C_mds_attraction
250,10,10,12.521980673998822,1,500,500.0,1.0,4.512,1.146192857142857,0.0,0.0,0.0,0.0,0.0,,A_reference
250,10,10,12.521980673998822,1,500,500.0,1.0,4.492,1.1414214285714284,0.0,0.0,0.0,0.0,0.0,0.8949816017316018,B_mds_only
250,10,10,12.521980673998822,1,500,500.0,1.0,4.492,1.1414214285714284,0.0,0.0,0.0,0.0,0.0,0.8949816017316018,C_mds_attraction
250,11,10,12.521980673998822,1,500,500.0,1.0,4.44,1.1441261904761904,0.0,0.0,0.0,0.0,0.0,,A_reference
250,11,10,12.521980673998822,1,500,500.0,1.0,4.474,1.154002380952381,0.0,0.0,0.0,0.0,0.0,0.8948911255411256,B_mds_only
250,11,10,12.521980673998822,1,500,500.0,1.0,4.472,1.1533357142857141,0.0,0.0,0.0,0.0,0.0,0.8953577922077923,C_mds_attraction
250,12,10,12.521980673998822,1,500,500.0,1.0,4.422,1.1493619047619048,0.0,0.0,0.0,0.0,0.0,,A_reference
250,12,10,12.521980673998822,1,500,500.0,1.0,4.394,1.140652380952381,0.0,0.0,0.0,0.0,0.0,0.8951563492063492,B_mds_only
250,12,10,12.521980673998822,1,500,500.0,1.0,4.394,1.140652380952381,0.0,0.0,0.0,0.0,0.0,0.8951563492063492,C_mds_attraction
250,13,10,12.521980673998822,1,500,500.0,1.0,4.406,1.1487738095238094,0.0,0.0,0.0,0.0,0.0,,A_reference
250,13,10,12.521980673998822,1,500,500.0,1.0,4.378,1.142954761904762,0.0,0.0,0.0,0.0,0.0,0.900468253968254,B_mds_only
250,13,10,12.521980673998822,1,500,500.0,1.0,4.378,1.142954761904762,0.0,0.0,0.0,0.0,0.0,0.900468253968254,C_mds_attraction
250,14,10,12.521980673998822,1,500,500.0,1.0,4.428,1.127197619047619,0.0,0.0,0.0,0.0,0.0,,A_reference
250,14,10,12.521980673998822,1,500,500.0,1.0,4.414,1.1223880952380951,0.0,0.0,0.0,0.0,0.0,0.8886095238095238,B_mds_only
250,14,10,12.521980673998822,1,500,500.0,1.0,4.414,1.1223880952380951,0.0,0.0,0.0,0.0,0.0,0.8886095238095238,C_mds_attraction
250,15,10,12.521980673998822,1,500,500.0,1.0,4.484,1.1471619047619046,0.0,0.0,0.0,0.0,0.0,,A_reference
250,15,10,12.521980673998822,1,500,500.0,1.0,4.45,1.135702380952381,0.0,0.0,0.0,0.0,0.0,0.9038484126984127,B_mds_only
250,15,10,12.521980673998822,1,500,500.0,1.0,4.45,1.135702380952381,0.0,0.0,0.0,0.0,0.0,0.9038484126984127,C_mds_attraction
250,16,10,12.521980673998822,1,500,500.0,1.0,4.442,1.1506833333333335,0.0,0.0,0.0,0.0,0.0,,A_reference
250,16,10,12.521980673998822,1,500,500.0,1.0,4.398,1.1426880952380953,0.0,0.0,0.0,0.0,0.0,0.9023190476190477,B_mds_only
250,16,10,12.521980673998822,1,500,500.0,1.0,4.396,1.1422880952380952,0.0,0.0,0.0,0.0,0.0,0.9015190476190477,C_mds_attraction
250,17,10,12.521980673998822,1,500,500.0,1.0,4.394,1.1547285714285713,0.0,0.0,0.0,0.0,0.0,,A_reference
250,17,10,12.521980673998822,1,500,500.0,1.0,4.392,1.1502119047619048,0.0,0.0,0.0,0.0,0.0,0.9053253968253968,B_mds_only
250,17,10,12.521980673998822,1,500,500.0,1.0,4.392,1.1502119047619048,0.0,0.0,0.0,0.0,0.0,0.9053253968253968,C_mds_attraction
250,18,10,12.521980673998822,1,500,500.0,1.0,4.362,1.1419785714285713,0.0,0.0,0.0,0.0,0.0,,A_reference
250,18,10,12.521980673998822,1,500,500.0,1.0,4.334,1.135047619047619,0.0,0.0,0.0,0.0,0.0,0.8916277777777777,B_mds_only
250,18,10,12.521980673998822,1,500,500.0,1.0,4.334,1.135047619047619,0.0,0.0,0.0,0.0,0.0,0.8916277777777777,C_mds_attraction
250,19,10,12.521980673998822,1,500,500.0,1.0,4.514,1.145097619047619,0.0,0.0,0.0,0.0,0.0,,A_reference
250,19,10,12.521980673998822,1,500,500.0,1.0,4.506,1.1481738095238092,0.0,0.0,0.0,0.0,0.0,0.895353823953824,B_mds_only
250,19,10,12.521980673998822,1,500,500.0,1.0,4.506,1.1481738095238092,0.0,0.0,0.0,0.0,0.0,0.895353823953824,C_mds_attraction
