n_nodes,seed,tx_pct,k_neighbors,reference_columns,connected,mean_degree,ticks,converged_hard,mean_constraint_violation,procrustes_rmse,angle_mae_deg,angle_sd_deg,angle_cv_pct,n_edge_angles,directional_correctness,mode,init_mode,uniform_normalize,early_stop,max_ticks
25,0,39.59797974644666,10,5,1,9.76,800,1,0.0,433.7193945009854,86.57169574387085,49.61144680148517,57.306774893568594,121,1.0,A_planned_geometry,scrambled_reference,1,0,800
25,1,39.59797974644666,10,5,1,9.84,800,1,0.0,130.7642116972743,25.20506399446193,29.31041476832538,116.28780143055967,124,0.83,A_planned_geometry,scrambled_reference,1,0,800
25,2,39.59797974644666,10,5,1,9.8,800,1,0.0,426.0288851411759,85.73593965112461,47.92120841573754,55.89395603610084,129,0.975,A_planned_geometry,scrambled_reference,1,0,800
25,3,39.59797974644666,10,5,1,9.6,800,1,0.0,182.18330977113538,32.37811268161546,31.0130034635577,95.78385179061755,120,0.77,A_planned_geometry,scrambled_reference,1,0,800
25,4,39.59797974644666,10,5,1,9.76,800,1,0.0,38.25833897517265,8.638224148631615,9.656824973044426,111.79178505774439,125,0.955,A_planned_geometry,scrambled_reference,1,0,800
25,5,39.59797974644666,10,5,1,9.76,800,1,0.0,431.5357627386993,89.77222737559495,50.72270287155295,56.501553269181976,126,0.995,A_planned_geometry,scrambled_reference,1,0,800
25,6,39.59797974644666,10,5,1,9.52,800,1,0.0,398.01807934409754,80.87537187299381,51.8789934055416,64.14683754037267,123,0.96,A_planned_geometry,scrambled_reference,1,0,800
25,7,39.59797974644666,10,5,1,9.64,800,1,0.0,324.69861203279476,71.80613337680293,48.95653963720656,68.17877155466226,118,0.86,A_planned_geometry,scrambled_reference,1,0,800
25,8,39.59797974644666,10,5,1,9.96,800,1,0.0,393.64756619252154,82.51316233747902,48.83802138302341,59.188158591323635,121,0.985,A_planned_geometry,scrambled_reference,1,0,800
25,9,39.59797974644666,10,5,1,9.8,800,1,0.0,424.62380999815775,91.1030000493358,47.98262993895348,52.66855088522774,123,0.96,A_planned_geometry,scrambled_reference,1,0,800
25,10,39.59797974644666,10,5,1,9.96,800,1,0.0,44.28157771344196,10.445534403662508,9.744833155464706,93.29185830882797,127,0.92,A_planned_geometry,scrambled_reference,1,0,800
25,11,39.59797974644666,10,5,1,9.68,800,1,0.0,49.87036975377388,9.65951239476935,6.529362358961631,67.5951548289052,118,0.97,A_planned_geometry,scrambled_reference,1,0,800
25,12,39.59797974644666,10,5,1,9.76,800,1,0.0,297.53100385112,55.78056527690598,48.77557856559126,87.44188647687496,124,0.785,A_planned_geometry,scrambled_reference,1,0,800
25,13,39.59797974644666,10,5,1,9.8,800,1,0.0,39.057396573799956,6.716296972836851,5.421719693920782,80.72483566239237,127,0.98,A_planned_geometry,scrambled_reference,1,0,800
25,14,39.59797974644666,10,5,1,9.68,800,1,0.0,431.034492947691,92.83156004060744,51.53018058549238,55.509333854727274,119,0.985,A_planned_geometry,scrambled_reference,1,0,800
25,15,39.59797974644666,10,5,1,9.92,800,1,0.0,374.11973614613487,78.32348779122887,47.156267985878635,60.20705833679623,130,0.95,A_planned_geometry,scrambled_reference,1,0,800
25,16,39.59797974644666,10,5,1,9.8,800,1,0.0,28.875162643396035,7.288890345160634,9.366049654616766,128.49760678366133,123,0.95,A_planned_geometry,scrambled_reference,1,0,800
25,17,39.59797974644666,10,5,1,9.64,800,1,0.0,424.1891720752051,86.88918926676543,53.21451028427465,61.244109576044664,122,0.99,A_planned_geometry,scrambled_reference,1,0,800
25,18,39.59797974644666,10,5,1,9.76,800,1,0.0,45.43891636205017,8.266450790900375,7.08104596963214,85.6600510756912,122,0.955,A_planned_geometry,scrambled_reference,1,0,800
25,19,39.59797974644666,10,5,1,9.76,800,1,0.0,201.93149811851012,40.38660168249916,33.64097844628145,83.29737349715955,126,0.8,A_planned_geometry,scrambled_reference,1,0,800
64,0,24.74873734152916,10,8,1,9.90625,800,1,0.0,258.62381036904446,59.43696620743883,47.7055153873263,80.26236605150908,321,0.63,A_planned_geometry,scrambled_reference,1,0,800
64,1,24.74873734152916,10,8,1,9.90625,800,1,0.0,215.8753760400686,34.67188485667376,40.85891642451243,117.8445204043984,315,0.655,A_planned_geometry,scrambled_reference,1,0,800
64,2,24.74873734152916,10,8,1,9.90625,800,1,0.0,185.30603138275845,45.367932654187584,45.32528296916306,99.90599156159568,319,0.585,A_planned_geometry,scrambled_reference,1,0,800
64,3,24.74873734152916,10,8,1,9.890625,800,1,0.0,33.158520847471664,9.614098196680049,8.072830772876797,83.96867400069324,313,0.92,A_planned_geometry,scrambled_reference,1,0,800
64,4,24.74873734152916,10,8,1,9.875,800,1,0.0,141.0090862895576,35.3673155941617,34.52961363751494,97.63142341290656,310,0.71,A_planned_geometry,scrambled_reference,1,0,800
64,5,24.74873734152916,10,8,1,9.90625,800,1,0.0,285.2395898641029,59.592234145827376,45.914594099865,77.0479488778823,315,0.675,A_planned_geometry,scrambled_reference,1,0,800
64,6,24.74873734152916,10,8,1,9.8125,800,1,0.0,237.99992894102817,43.442135508161215,45.19742330669574,104.04051913655296,309,0.7,A_planned_geometry,scrambled_reference,1,0,800
64,7,24.74873734152916,10,8,1,9.90625,800,1,0.0,336.84376227906455,63.58944792635177,50.78664406460963,79.8664648314448,309,0.735,A_planned_geometry,scrambled_reference,1,0,800
64,8,24.74873734152916,10,8,1,9.90625,800,1,0.0,254.73396198969806,47.857855311515856,44.73014009963553,93.46457297026488,320,0.655,A_planned_geometry,scrambled_reference,1,0,800
64,9,24.74873734152916,10,8,1,9.90625,800,1,0.0,30.813131116037287,9.700581505094352,7.445389045527188,76.75198689498328,314,0.895,A_planned_geometry,scrambled_reference,1,0,800
64,10,24.74873734152916,10,8,1,9.953125,800,1,0.0,26.522967597668423,9.243131079145462,9.240734268368701,99.97406927634978,313,0.955,A_planned_geometry,scrambled_reference,1,0,800
64,11,24.74873734152916,10,8,1,9.921875,800,1,0.0,172.23476887553028,43.10074350493611,42.97099841331426,99.6989724977552,316,0.64,A_planned_geometry,scrambled_reference,1,0,800
64,12,24.74873734152916,10,8,1,9.90625,800,1,0.0,316.1964965300234,61.555107077397274,47.74020106853545,77.55684838385314,317,0.725,A_planned_geometry,scrambled_reference,1,0,800
64,13,24.74873734152916,10,8,1,9.921875,800,1,0.0,146.46786621148328,29.443128763773817,29.447519725153008,100.01491336540494,316,0.785,A_planned_geometry,scrambled_reference,1,0,800
64,14,24.74873734152916,10,8,1,9.90625,800,1,0.0,117.26153697527633,25.45992991868027,27.66610309473397,108.66527591827739,313,0.825,A_planned_geometry,scrambled_reference,1,0,800
64,15,24.74873734152916,10,8,1,9.90625,800,1,0.0,86.39101247249594,19.58153754369571,21.200673903086802,108.26868858371327,316,0.87,A_planned_geometry,scrambled_reference,1,0,800
64,16,24.74873734152916,10,8,1,9.828125,800,1,0.0,313.92924683195906,66.60760019237668,49.36736673484103,74.11671729991434,319,0.74,A_planned_geometry,scrambled_reference,1,0,800
64,17,24.74873734152916,10,8,1,9.90625,800,1,0.0,420.0333653417222,84.79575470262753,50.04742193233628,59.02114098500437,319,0.945,A_planned_geometry,scrambled_reference,1,0,800
64,18,24.74873734152916,10,8,1,9.921875,800,1,0.0,275.84979209207575,60.88305813967536,44.43745788841962,72.9882158456513,316,0.56,A_planned_geometry,scrambled_reference,1,0,800
64,19,24.74873734152916,10,8,1,9.890625,800,1,0.0,410.2748332957372,82.06224309747493,50.32280306046077,61.32272426514894,309,0.915,A_planned_geometry,scrambled_reference,1,0,800
100,0,19.79898987322333,10,10,1,9.94,800,1,0.0,152.59892754958534,38.34593976159749,41.33501188459502,107.79501595626824,490,0.62,A_planned_geometry,scrambled_reference,1,0,800
100,1,19.79898987322333,10,10,1,9.97,800,1,0.0,218.48177314226496,42.127275098972845,41.47557529797443,98.45302170751057,498,0.695,A_planned_geometry,scrambled_reference,1,0,800
100,2,19.79898987322333,10,10,1,9.92,800,1,0.0,259.3483861432603,51.39174229658206,46.561023638089935,90.60020454139497,498,0.61,A_planned_geometry,scrambled_reference,1,0,800
100,3,19.79898987322333,10,10,1,9.93,800,1,0.0,107.75505337614041,26.04827821497913,20.63370937661173,79.21333305149612,504,0.76,A_planned_geometry,scrambled_reference,1,0,800
100,4,19.79898987322333,10,10,1,9.97,800,1,0.0,115.25992005934685,29.00336941641708,37.682482039117026,129.9244977302093,503,0.725,A_planned_geometry,scrambled_reference,1,0,800
100,5,19.79898987322333,10,10,1,9.96,800,1,0.0,435.38042513527176,89.51136470628671,51.732566714068,57.79441178650092,499,0.92,A_planned_geometry,scrambled_reference,1,0,800
100,6,19.79898987322333,10,10,1,9.9,800,1,0.0,381.76575923277835,81.77757002451102,50.374113445110474,61.598936517692984,503,0.73,A_planned_geometry,scrambled_reference,1,0,800
100,7,19.79898987322333,10,10,1,9.95,800,1,0.0,188.34625318855763,37.278565135262745,41.09081747970664,110.22639238020936,508,0.61,A_planned_geometry,scrambled_reference,1,0,800
100,8,19.79898987322333,10,10,1,9.95,800,1,0.0,99.53692187534926,21.66280439298835,27.91741929022291,128.8726001664817,492,0.85,A_planned_geometry,scrambled_reference,1,0,800
100,9,19.79898987322333,10,10,1,9.93,800,1,0.0,412.2841086799677,84.7058740080007,50.39773707265987,59.49733435003536,481,0.93,A_planned_geometry,scrambled_reference,1,0,800
100,10,19.79898987322333,10,10,1,10.0,800,1,0.0,242.40979793067174,46.83940497204582,38.47862553330718,82.1501160321562,492,0.655,A_planned_geometry,scrambled_reference,1,0,800
100,11,19.79898987322333,10,10,1,9.94,800,1,0.0,429.1184302353278,88.48926262204346,51.83501779826727,58.57774860173229,491,0.9,A_planned_geometry,scrambled_reference,1,0,800
100,12,19.79898987322333,10,10,1,9.94,800,1,0.0,308.31561452993077,56.847104790398255,48.217011652346514,84.81876399884942,499,0.695,A_planned_geometry,scrambled_reference,1,0,800
100,13,19.79898987322333,10,10,1,9.92,800,1,0.0,254.55169777866115,55.38569517448732,47.01020967815006,84.87789045537643,490,0.595,A_planned_geometry,scrambled_reference,1,0,800
100,14,19.79898987322333,10,10,1,9.88,800,1,0.0,353.71573067876955,73.69952903903634,50.58379259679839,68.63516396421711,496,0.725,A_planned_geometry,scrambled_reference,1,0,800
100,15,19.79898987322333,10,10,1,10.0,800,1,0.0,204.47425875176998,39.157714028958814,37.59563626419218,96.01080450301208,495,0.64,A_planned_geometry,scrambled_reference,1,0,800
100,16,19.79898987322333,10,10,1,9.97,800,1,0.0,335.1484654215997,74.34144668068147,53.92318918721999,72.53448997143687,495,0.66,A_planned_geometry,scrambled_reference,1,0,800
100,17,19.79898987322333,10,10,1,9.98,800,1,0.0,433.2505770459275,87.31077194273142,51.36617152222833,58.83142524031312,499,0.95,A_planned_geometry,scrambled_reference,1,0,800
100,18,19.79898987322333,10,10,1,9.94,800,1,0.0,66.12399650593382,16.003548407475787,15.073396952341138,94.18784239937598,497,0.905,A_planned_geometry,scrambled_reference,1,0,800
100,19,19.79898987322333,10,10,1,9.93,800,1,0.0,299.7174180885033,65.3042197991303,47.949616376538074,73.42498926413428,497,0.635,A_planned_geometry,scrambled_reference,1,0,800
250,0,12.521980673998822,10,16,1,9.992,800,1,0.0,33.26285263827216,11.09298434819044,9.56334849862503,86.21078150340189,1257,0.87,A_planned_geometry,scrambled_reference,1,0,800
250,1,12.521980673998822,10,16,1,9.996,800,1,0.0,293.76786930275665,68.62158156934574,47.24560081962329,68.84947816581452,1222,0.45,A_planned_geometry,scrambled_reference,1,0,800
250,2,12.521980673998822,10,16,1,9.996,800,1,0.0,377.6107068693475,81.60974401327506,53.323203980260196,65.33926141415952,1230,0.745,A_planned_geometry,scrambled_reference,1,0,800
250,3,12.521980673998822,10,16,1,9.996,800,1,0.0,65.67620301681558,18.32918487494376,20.043921899467808,109.35522793961294,1238,0.855,A_planned_geometry,scrambled_reference,1,0,800
250,4,12.521980673998822,10,16,1,9.984,800,1,0.002191582189801129,324.3807643192706,69.80737848322636,48.21264206270809,69.06525228460319,1241,0.67,A_planned_geometry,scrambled_reference,1,0,800
250,5,12.521980673998822,10,16,1,9.98,800,0,1.031127493241461,28.264530099724226,12.36519423751872,11.61549984713465,93.9370593297327,1244,0.895,A_planned_geometry,scrambled_reference,1,0,800
250,6,12.521980673998822,10,16,1,9.984,800,1,0.0,267.4924675624164,57.56612160694965,44.445680879797855,77.2080516093552,1242,0.515,A_planned_geometry,scrambled_reference,1,0,800
250,7,12.521980673998822,10,16,1,9.996,800,1,0.0,373.1133782939951,77.32043171196236,51.260192915001,66.29579243162769,1239,0.785,A_planned_geometry,scrambled_reference,1,0,800
250,8,12.521980673998822,10,16,1,10.0,800,1,0.0,411.3723210173357,81.73409804137538,51.733864786741876,63.29532719692239,1234,0.875,A_planned_geometry,scrambled_reference,1,0,800
250,9,12.521980673998822,10,16,1,9.996,800,1,0.0,287.9869539229909,60.939888074608845,51.324778941032065,84.22197769414184,1229,0.6,A_planned_geometry,scrambled_reference,1,0,800
250,10,12.521980673998822,10,16,1,9.976,800,1,0.0,326.6556578794747,63.29688744565327,50.994756518047886,80.56439830762928,1230,0.67,A_planned_geometry,scrambled_reference,1,0,800
250,11,12.521980673998822,10,16,1,9.992,800,1,0.0,344.2633183943252,70.93795845881095,50.30514587867153,70.91428478010182,1220,0.595,A_planned_geometry,scrambled_reference,1,0,800
250,12,12.521980673998822,10,16,1,9.98,800,1,0.0,375.11000160690344,78.96065592808759,50.63542450568114,64.12741119044998,1245,0.71,A_planned_geometry,scrambled_reference,1,0,800
250,13,12.521980673998822,10,16,1,9.98,800,1,0.0,206.30481042442764,43.780010047322904,43.381215660692,99.08909480331357,1241,0.525,A_planned_geometry,scrambled_reference,1,0,800
250,14,12.521980673998822,10,16,1,9.964,800,1,0.0,410.85014523640984,82.27970091221269,52.610633910176915,63.94120703757684,1232,0.78,A_planned_geometry,scrambled_reference,1,0,800
250,15,12.521980673998822,10,16,1,9.988,800,1,0.0,390.7582545473207,79.7073046311326,52.77468159673539,66.21059618182386,1240,0.81,A_planned_geometry,scrambled_reference,1,0,800
250,16,12.521980673998822,10,16,1,9.988,800,0,1.2191417262528494,429.0763237299632,87.95978759335817,51.50633752716796,58.55668702303369,1242,0.87,A_planned_geometry,scrambled_reference,1,0,800
250,17,12.521980673998822,10,16,1,9.992,800,1,0.0,34.57382409368776,10.180448323249754,8.429566166700923,82.80152208473739,1233,0.905,A_planned_geometry,scrambled_reference,1,0,800
250,18,12.521980673998822,10,16,1,9.996,800,1,0.0,190.89859520097966,37.90816291933479,42.91003878621535,113.19471976925949,1247,0.665,A_planned_geometry,scrambled_reference,1,0,800
250,19,12.521980673998822,10,16,1,9.976,800,0,1.3521148313359215,21.156656724104966,11.528030601800642,10.141297925019098,87.9707755410977,1234,0.865,A_planned_geometry,scrambled_reference,1,0,800
500,0,8.85437744847146,10,23,1,10.0,800,1,0.0,262.9972935016326,54.84163136242048,51.28300427721232,93.51108455966417,2477,0.615,A_planned_geometry,scrambled_reference,1,0,800
500,1,8.85437744847146,10,23,1,9.998,800,1,0.0,387.45270655150875,82.41732339021254,51.88773366373176,62.95731471169528,2475,0.68,A_planned_geometry,scrambled_reference,1,0,800
500,2,8.85437744847146,10,23,1,9.998,800,1,2.5426234976247325e-17,332.8980014870837,65.62548234490689,49.273104446392146,75.08227396703649,2453,0.525,A_planned_geometry,scrambled_reference,1,0,800
500,3,8.85437744847146,10,23,1,9.996,800,0,0.4313568405242466,360.7934350090337,73.01788925581083,52.106224095784924,71.36090159116489,2464,0.72,A_planned_geometry,scrambled_reference,1,0,800
500,4,8.85437744847146,10,23,1,9.996,800,0,1.9724191687370938,362.70857184758427,71.60364220432595,51.63886425663925,72.11765025762821,2487,0.69,A_planned_geometry,scrambled_reference,1,0,800
500,5,8.85437744847146,10,23,1,10.0,800,0,2.399833756121881,415.6534590980833,85.96092827004988,50.95004523863463,59.27116687080544,2469,0.835,A_planned_geometry,scrambled_reference,1,0,800
500,6,8.85437744847146,10,23,1,9.994,800,1,0.0,298.6817541553224,59.27184764017007,49.79337025775485,84.00846648149465,2480,0.67,A_planned_geometry,scrambled_reference,1,0,800
500,7,8.85437744847146,10,23,1,10.0,800,1,0.0,63.71363903515287,17.64000269581223,21.775805327674476,123.44558956810191,2484,0.845,A_planned_geometry,scrambled_reference,1,0,800
500,8,8.85437744847146,10,23,1,9.998,800,0,0.30282396671117706,371.3605035256991,75.53977183374613,51.56303746068164,68.2594561897349,2463,0.74,A_planned_geometry,scrambled_reference,1,0,800
500,9,8.85437744847146,10,23,1,9.984,800,0,1.3412746881437012,36.10832572150173,13.414188251825568,12.381002011623405,92.29781019316205,2466,0.865,A_planned_geometry,scrambled_reference,1,0,800
500,10,8.85437744847146,10,23,1,10.0,800,1,0.0,320.2073145223915,71.116817097064,53.16964417952995,74.76381304714636,2474,0.505,A_planned_geometry,scrambled_reference,1,0,800
500,11,8.85437744847146,10,23,1,9.994,800,1,0.0,173.9649603634395,38.44963436514213,44.42703996028394,115.54606615599144,2472,0.64,A_planned_geometry,scrambled_reference,1,0,800
500,12,8.85437744847146,10,23,1,9.994,800,0,3.2174798432903455e-17,155.1027843260761,37.993051204347495,35.83885873261073,94.33003561585424,2477,0.51,A_planned_geometry,scrambled_reference,1,0,800
500,13,8.85437744847146,10,23,1,9.992,800,0,0.1407556346280437,303.0106679533984,67.15983799394368,49.506053119690144,73.71377686193121,2458,0.515,A_planned_geometry,scrambled_reference,1,0,800
500,14,8.85437744847146,10,23,1,9.996,800,0,2.7538023651141517,31.763552900560875,14.01399074323456,11.95209066089895,85.28684569503503,2470,0.85,A_planned_geometry,scrambled_reference,1,0,800
500,15,8.85437744847146,10,23,1,9.992,800,0,2.877487230269583,191.05647011769454,42.465316164514036,35.58919439973812,83.80767556719165,2466,0.6030150753768844,A_planned_geometry,scrambled_reference,1,0,800
500,16,8.85437744847146,10,23,1,10.0,800,0,2.2748706468216633,27.604862751720788,13.957393033192577,13.890782210810075,99.52275598871442,2463,0.835,A_planned_geometry,scrambled_reference,1,0,800
500,17,8.85437744847146,10,23,1,9.994,800,1,0.0,256.6403812807037,58.10028088640535,48.49144432550855,83.46163492792145,2464,0.555,A_planned_geometry,scrambled_reference,1,0,800
500,18,8.85437744847146,10,23,1,10.0,800,0,5.084229945850415e-17,199.4394470926464,58.073902073238855,45.97916851864564,79.17354763015554,2463,0.375,A_planned_geometry,scrambled_reference,1,0,800
500,19,8.85437744847146,10,23,1,9.996,800,0,0.6893867267415605,327.2986681412993,66.40481376257254,50.82230879447394,76.53407323177932,2457,0.66,A_planned_geometry,scrambled_reference,1,0,800
750,0,7.229568912920511,10,28,1,9.997333333333334,800,0,8.297010300168812e-17,200.16787525323497,45.4584686576957,45.89282836197282,100.95550887898989,3697,0.575,A_planned_geometry,scrambled_reference,1,0,800
750,1,7.229568912920511,10,28,1,9.997333333333334,800,1,0.0,227.02623212389452,51.547952270634795,40.360840171980556,78.29765954635762,3707,0.375,A_planned_geometry,scrambled_reference,1,0,800
750,2,7.229568912920511,10,28,1,9.994666666666667,800,0,0.513994438733421,362.4261337443501,70.10580010507633,53.8689878837,76.8395593559446,3717,0.68,A_planned_geometry,scrambled_reference,1,0,800
750,3,7.229568912920511,10,28,1,9.994666666666667,800,1,5.178110234957986e-17,207.95409197632185,49.324449422519265,39.22133273861484,79.51702086452119,3696,0.435,A_planned_geometry,scrambled_reference,1,0,800
750,4,7.229568912920511,10,28,1,9.996,800,0,0.48753740561542674,333.23999098563513,68.66467426138654,51.75419206028592,75.37236958741359,3692,0.69,A_planned_geometry,scrambled_reference,1,0,800
750,5,7.229568912920511,10,28,1,9.998666666666667,800,0,0.2473224499149173,200.10032604305906,44.32769069846891,42.715654684874494,96.36336567911918,3694,0.5,A_planned_geometry,scrambled_reference,1,0,800
750,6,7.229568912920511,10,28,1,10.0,800,0,0.6465847772321995,149.03793898776922,30.86132986943323,31.60194316451664,102.39981004777424,3719,0.59,A_planned_geometry,scrambled_reference,1,0,800
750,7,7.229568912920511,10,28,1,10.0,800,0,1.1873074687695044,327.2576221753682,71.66899144300086,53.896226495865676,75.2015975259397,3704,0.515,A_planned_geometry,scrambled_reference,1,0,800
750,8,7.229568912920511,10,28,1,9.997333333333334,800,0,0.6414299361249106,196.46950819599112,48.22471977863686,46.1784975571455,95.75690179044271,3691,0.575,A_planned_geometry,scrambled_reference,1,0,800
750,9,7.229568912920511,10,28,1,9.998666666666667,800,0,0.09099198012835737,408.3638703131067,80.47142489251083,50.94083299274696,63.303008565824264,3707,0.685,A_planned_geometry,scrambled_reference,1,0,800
750,10,7.229568912920511,10,28,1,9.996,800,1,0.0,237.88591506892163,59.28701440038019,45.08713649273388,76.04892394858857,3704,0.42,A_planned_geometry,scrambled_reference,1,0,800
750,11,7.229568912920511,10,28,1,9.994666666666667,800,0,0.40500356486988853,355.47609055414415,69.18217525812389,52.42289278197345,75.7751437944524,3690,0.63,A_planned_geometry,scrambled_reference,1,0,800
750,12,7.229568912920511,10,28,1,9.997333333333334,800,1,1.5628929053370136e-17,220.23574409473244,54.460299098164356,52.30429526642078,96.041145811819,3689,0.59,A_planned_geometry,scrambled_reference,1,0,800
750,13,7.229568912920511,10,28,1,9.997333333333334,800,0,1.2779402970811002,268.15625857162956,58.372740048311364,47.97151657276062,82.18136844879592,3709,0.485,A_planned_geometry,scrambled_reference,1,0,800
750,14,7.229568912920511,10,28,1,9.996,800,0,0.02268183318512679,221.82036644897698,43.597673272457904,46.30016620121425,106.1987090729991,3688,0.63,A_planned_geometry,scrambled_reference,1,0,800
750,15,7.229568912920511,10,28,1,9.994666666666667,800,1,1.7528890709361165e-17,239.6314201312479,48.82692603843074,47.12057719772767,96.50531176310375,3709,0.62,A_planned_geometry,scrambled_reference,1,0,800
750,16,7.229568912920511,10,28,1,9.998666666666667,800,0,0.9989513596969326,167.5006211115347,34.85446670934756,32.37988821968605,92.90025433383592,3678,0.545,A_planned_geometry,scrambled_reference,1,0,800
750,17,7.229568912920511,10,28,1,10.0,800,0,0.2910605319587057,246.3977587160391,57.23923373132399,48.36055362684731,84.48847141079415,3717,0.445,A_planned_geometry,scrambled_reference,1,0,800
750,18,7.229568912920511,10,28,1,9.998666666666667,800,0,1.1967752816251058,406.6741257796277,80.60040649783748,52.876008727919896,65.60265763589985,3686,0.73,A_planned_geometry,scrambled_reference,1,0,800
750,19,7.229568912920511,10,28,1,9.997333333333334,800,0,0.2503284339272647,144.60659952356534,35.07597432185328,36.55191361802028,104.20783549053817,3706,0.555,A_planned_geometry,scrambled_reference,1,0,800
1000,0,6.260990336999411,10,32,1,9.998,800,0,0.8002177986352519,286.45876077679276,67.82619757043699,51.36399121777271,75.72883790873223,4939,0.47,A_planned_geometry,scrambled_reference,1,0,800
1000,1,6.260990336999411,10,32,1,9.997,800,0,0.7197146932258733,159.91301406451888,33.875665756840185,32.39126101485897,95.61807950097192,4939,0.66,A_planned_geometry,scrambled_reference,1,0,800
1000,2,6.260990336999411,10,32,1,9.997,800,0,0.615060458236317,172.5619289941761,38.134948686174106,38.664507217531444,101.38864361852238,4941,0.555,A_planned_geometry,scrambled_reference,1,0,800
1000,3,6.260990336999411,10,32,1,9.999,800,1,1.1369820754237027e-17,288.33411310876204,61.01319753589025,50.73217915059307,83.14951715282665,4908,0.575,A_planned_geometry,scrambled_reference,1,0,800
1000,4,6.260990336999411,10,32,1,9.995,800,1,4.15196563343411e-17,227.7732075090073,51.659776471613036,49.08441819506021,95.01477077050849,4916,0.47,A_planned_geometry,scrambled_reference,1,0,800
1000,5,6.260990336999411,10,32,1,9.998,800,0,0.004361550581068248,303.52744686769546,69.03608170357315,49.12663736302479,71.16081352062325,4929,0.5577889447236181,A_planned_geometry,scrambled_reference,1,0,800
1000,6,6.260990336999411,10,32,1,9.997,800,0,1.3767567537753538,252.8396435606901,57.006015192506275,45.05631674387107,79.03782888826433,4917,0.405,A_planned_geometry,scrambled_reference,1,0,800
1000,7,6.260990336999411,10,32,1,10.0,800,0,0.04690304202890503,411.27203993683275,84.93553936990573,52.12180691547176,61.3663106187791,4921,0.8,A_planned_geometry,scrambled_reference,1,0,800
1000,8,6.260990336999411,10,32,1,9.998,800,0,0.34858492821575743,134.28521637128404,29.98130905158838,29.800241889563182,99.39606652360096,4939,0.6,A_planned_geometry,scrambled_reference,1,0,800
1000,9,6.260990336999411,10,32,1,9.998,800,0,0.33496226864966777,241.22682683247203,60.35612756699974,46.28500937984202,76.68651261375618,4925,0.395,A_planned_geometry,scrambled_reference,1,0,800
1500,0,5.11207720338155,10,39,1,9.999333333333333,800,0,1.1922088229555594,253.63559006619175,68.34307185188665,53.25402157689831,77.92160951194968,7378,0.32,A_planned_geometry,scrambled_reference,1,0,800
1500,1,5.11207720338155,10,39,1,10.0,800,0,0.9589288395889078,340.5077194929283,77.74885221241759,52.699869079986904,67.78218273371499,7382,0.45,A_planned_geometry,scrambled_reference,1,0,800
1500,2,5.11207720338155,10,39,1,9.998,800,0,0.773014113897744,182.26411312395294,46.02671413434879,42.77212557984632,92.92891396721791,7384,0.54,A_planned_geometry,scrambled_reference,1,0,800
1500,3,5.11207720338155,10,39,1,9.998,800,0,0.7751282320488553,312.42454021573286,72.8583989006308,50.411116099271,69.19053514753334,7386,0.455,A_planned_geometry,scrambled_reference,1,0,800
1500,4,5.11207720338155,10,39,1,10.0,800,0,0.5135015393424723,281.77539828568314,61.611491828288656,47.88343151707581,77.71834457527343,7385,0.45,A_planned_geometry,scrambled_reference,1,0,800
1500,5,5.11207720338155,10,39,1,9.998666666666667,800,0,0.8385244262588684,334.6915743406484,83.67419559232148,50.97826925626291,60.92471985585605,7387,0.315,A_planned_geometry,scrambled_reference,1,0,800
1500,6,5.11207720338155,10,39,1,9.998666666666667,800,0,1.407748199195165,259.8350462596633,63.63860169562467,49.97040958083954,78.52216775573045,7397,0.485,A_planned_geometry,scrambled_reference,1,0,800
1500,7,5.11207720338155,10,39,1,9.998666666666667,800,0,0.9531289079774591,267.318054384154,70.45047266110514,50.85944468275962,72.19177212254321,7384,0.345,A_planned_geometry,scrambled_reference,1,0,800
1500,8,5.11207720338155,10,39,1,9.997333333333334,800,0,2.7071181431040623,261.44884171607146,66.92299089627907,53.17209414137309,79.45265659716571,7356,0.445,A_planned_geometry,scrambled_reference,1,0,800
1500,9,5.11207720338155,10,39,1,9.999333333333333,800,0,1.144740168556228,343.9568055549769,75.38351076247149,48.997062245865095,64.99705539086874,7413,0.485,A_planned_geometry,scrambled_reference,1,0,800
2000,0,5.0,10,45,1,10.0,800,0,3.1949741068426007,266.0541447206631,68.17712915146252,40.87714372494192,59.95726753781187,9829,0.36,A_planned_geometry,scrambled_reference,1,0,800
2000,1,5.0,10,45,1,10.0,800,0,2.0034676395672237,316.6272019427051,87.73805123259292,58.824932077254935,67.04608918348377,9797,0.39,A_planned_geometry,scrambled_reference,1,0,800
2000,2,5.0,10,45,1,10.0,800,0,2.64923711177148,241.0439275654196,63.056656644741864,42.33315001267112,67.13510082079681,9841,0.375,A_planned_geometry,scrambled_reference,1,0,800
2000,3,5.0,10,45,1,10.0,800,0,1.4662570499937795,243.27153307215588,68.9487783084498,48.010681585085116,69.63238909078873,9785,0.39,A_planned_geometry,scrambled_reference,1,0,800
2000,4,5.0,10,45,1,10.0,800,0,0.314305377857402,276.30897205114167,67.65186135087455,52.61730324608671,77.77657878944156,9788,0.355,A_planned_geometry,scrambled_reference,1,0,800
2000,5,5.0,10,45,1,10.0,800,0,0.5891975024919693,210.35359697218277,54.16914881470292,45.5230941062281,84.03878425697533,9840,0.35,A_planned_geometry,scrambled_reference,1,0,800
2000,6,5.0,10,45,1,10.0,800,0,1.6822184247657064,324.1854863095723,70.570043578953,50.42227886537943,71.44997552533395,9838,0.465,A_planned_geometry,scrambled_reference,1,0,800
2000,7,5.0,10,45,1,10.0,800,0,3.371652341531273,155.5719817590231,55.00941083599287,44.98528906393745,81.7774420417959,9840,0.345,A_planned_geometry,scrambled_reference,1,0,800
2000,8,5.0,10,45,1,9.9995,800,0,1.253071896268674,181.6485686542265,40.0600898605436,35.23678820155401,87.95983315119769,9808,0.475,A_planned_geometry,scrambled_reference,1,0,800
2000,9,5.0,10,45,1,10.0,800,0,1.8999840551019527,187.27514599724682,55.613749704938236,48.248985649115745,86.75729636124764,9836,0.395,A_planned_geometry,scrambled_reference,1,0,800
